ftsA.aln,0.0033314100616525497
yabI_2.aln,0.0036231928047704993
fabZ.aln,0.0004198335130651696
sad_2~~~sad_3.aln,0.056440183838060785
treF_1~~~treF_2~~~treF.aln,0.048249528139972714
yeeZ.aln,0.009174682446720046
dhmA.aln,0.0193289457578893
gltR_2.aln,0.015786943040267336
group_859.aln,0.0050539787684383535
nqrD.aln,0.00244415311144274
cbiE.aln,0.008369330205578644
group_3358.aln,0.003955876745678121
group_3956.aln,0.008431317534414735
dctA_2~~~dctA_3~~~dctA_1.aln,0.17955569864927748
yjdJ.aln,0.0
nimT.aln,0.004215502617038695
fdhF_1.aln,0.006856655407727798
bcr_2.aln,0.05537408769097955
fhuF.aln,0.006081222218017925
nimR_4.aln,0.007636217449636685
ptrA.aln,0.01046350515351685
amiC_1.aln,0.01147498469746713
smrA.aln,0.005751833003722417
group_301.aln,0.005128720249257019
yqjC.aln,0.00361489033466574
metJ.aln,0.0006020254149613753
tehA.aln,0.006543672808047628
ykgO.aln,0.0013577594465086335
mdtO.aln,0.010499626846946261
dgoA_1.aln,0.010249751959579521
acrD.aln,0.016018179848270052
ispG.aln,0.0038983021207419704
ybjO.aln,0.009780488590907297
group_2774.aln,0.002156130466831994
group_786.aln,0.009562475379258582
group_3953.aln,0.009725796943082576
group_587.aln,0.010027051368509721
nifJ.aln,0.01152927772716036
dolP.aln,0.002955686563211185
yaiY.aln,0.027324744022357503
ganB.aln,0.012874559716328593
dgkA.aln,0.0031719911162440195
yhjD.aln,0.008932739261872968
selB.aln,0.009000277592667348
damX.aln,0.009345554467100751
fmt.aln,0.0066018184632470715
xerD.aln,0.0024228461004472245
ulaD.aln,0.007356353719457377
group_4037.aln,0.04118669925321777
cbl_1~~~cbl_2~~~cbl.aln,0.04925707754004621
group_1576.aln,0.001503933074711612
metB.aln,0.0023652944985989304
graF.aln,0.00413553586333956
punC.aln,0.01429173414626597
lysU_1~~~lysS.aln,0.05306188303800101
rssB_2.aln,0.0033489899527519005
eutB_1~~~eutB_2.aln,0.04760913239053373
cobS.aln,0.00936032724891967
group_3450.aln,0.006070289165191875
group_4503.aln,0.0099221297335917
rpmC.aln,0.0
menB.aln,0.006717903136121876
isfD.aln,0.016472214554248694
degP.aln,0.005140256652057802
yidZ.aln,0.0023449841889538682
malP_3.aln,0.0026784898183250406
secY_2~~~secY_1~~~secY.aln,0.046724984252780086
cbiF.aln,0.0012367188756958484
comR.aln,0.005983038556716428
ftsY.aln,0.0052932094925997285
yedA.aln,0.007712517790045981
group_894.aln,0.010430582702330757
lsrG~~~lsrG_1.aln,0.02767989121528737
yciB.aln,0.002319794513510133
argH.aln,0.0051688446137538036
group_327.aln,0.006494642774664451
dgcQ.aln,0.023056823235795214
uspG_3.aln,0.0028044472894315324
melY.aln,0.012304251792208287
group_4470.aln,0.028793221456837128
group_983.aln,0.009752412327725895
rna.aln,0.0065089012739245125
rbsA_2.aln,0.005840171383598476
aqpZ_1~~~aqpZ.aln,0.008017898573094085
group_2088.aln,0.004569051580842549
eutN.aln,0.0064713380007018284
glnH_1.aln,0.010326865683478015
pphA.aln,0.006988295018613988
dnaJ.aln,0.007487074763661639
ompX.aln,0.00461883309949315
bcsF.aln,0.0010026022391205686
smdB.aln,0.005159405850380615
livF_1.aln,0.0017397218594367313
der_1~~~der_2~~~der.aln,0.05128740900478266
exaC_1~~~exaC_2~~~exaC.aln,0.05397139152425226
group_3957.aln,0.005587273142343862
aceR.aln,0.005216618919837997
waaF.aln,0.010738825233536057
yqjF.aln,0.003950551577156106
gshA.aln,0.01026947595051709
iolS.aln,0.020689148124048415
ybeY.aln,0.0049514218605519736
tamA.aln,0.009020665976464318
fdhE_2~~~fdhE~~~fdhE_1.aln,0.06037882302656162
group_172.aln,0.006049904206718101
araC_2.aln,0.008064676306482228
dmsB_1.aln,0.0047973772640842235
otnC.aln,0.012618838849590162
holA.aln,0.006006589479943418
tatE.aln,0.0036082789931609406
outC.aln,0.0076483697042198946
fdhF_3~~~fdhF_4.aln,0.051030440472115496
group_2673.aln,0.007458422908229396
ydhF.aln,0.004182475911166333
yebC.aln,0.005523289258085853
trmL_1.aln,0.015632210788614712
secD.aln,0.001969073130008476
ypeA.aln,0.007622615330517272
pqiC.aln,0.006671847232551229
zraS.aln,0.006177874501531855
lolD.aln,0.0031192754323733215
nrdR.aln,0.0012762938797181156
fdoG_2.aln,0.0013486470785779654
mtnD.aln,0.014463706619633311
nuoJ.aln,0.004843187935677695
hycG.aln,0.005756855470024889
nlhH.aln,0.05769182456051975
fdhF_2.aln,0.0031580113518087293
tolB.aln,0.00176991411174465
hemY.aln,0.008218791495059722
group_2098.aln,0.005921110050614504
group_1320.aln,0.0026548785234210472
phoR.aln,0.00646038402800369
ybhR_2~~~ybhR_3.aln,0.08975564549564877
group_1115.aln,0.005936496413558911
rpmF.aln,0.004055350606292495
group_382.aln,0.00368218335258608
ygaZ_2.aln,0.005698464552108555
cbiH.aln,0.003908227728609955
pqiA.aln,0.006578876699912457
group_2708.aln,0.023912682942725094
metL.aln,0.005410851592741635
rpoB_1~~~rpoB_2~~~rpoB.aln,0.04613000227159539
group_1052.aln,0.0028426949675931087
msrB.aln,0.0013872759562153431
acrA.aln,0.006129628202931286
dapB.aln,0.01114376474988456
exuT_3.aln,0.00874517298016516
mdfA.aln,0.006451154628519566
group_331.aln,0.00957333982977499
group_3992.aln,0.01049898207718662
ibaG.aln,0.00234615524935395
pulM.aln,0.005853417465935515
group_4300.aln,0.0215252420159299
hxpB_1~~~hxpB_2.aln,0.06923968557476518
gntK.aln,0.0015592434091384747
argV.aln,0.02125221898626585
group_4294.aln,0.1191794515769394
mqo_2.aln,0.0051583634651134755
sdhC.aln,0.002113512396574401
ydjF.aln,0.003990989561704775
outE.aln,0.016570312211755932
mgtA.aln,0.010267557779076177
ubiB_2~~~ubiB_1~~~ubiB.aln,0.047270896724192615
hemH_1~~~hemH_2~~~hemH.aln,0.048925343471831494
betB_1~~~betB.aln,0.01802481878920924
ybhK.aln,0.008690724024240775
dcuA.aln,0.00784514652142194
ilvC.aln,0.005453864689465828
mdoD.aln,0.008919279796087162
group_2528.aln,0.002833263074607303
rlmJ_1~~~rlmJ_2~~~rlmJ.aln,0.04896679241777257
group_3126.aln,0.006304625493320351
group_4066.aln,0.012156016507916976
nagZ.aln,0.008699903232989336
group_4070.aln,0.05537399184564498
seqA.aln,0.0120498557965108
fdoI.aln,0.00030101270748068767
chaA.aln,0.005144255425354202
gltR_1.aln,0.005974342983881222
hycE.aln,0.007836937641039455
ydcF.aln,0.03705769394350812
aceK.aln,0.05743594171466496
yahK.aln,0.01242686278225035
glnH_2.aln,0.0036134620822321456
lpdA.aln,0.003473659726083424
hldE.aln,0.008827116624229567
yddE.aln,0.015470841337093685
yiiM.aln,0.004489741534191678
iaaspH.aln,0.01151441140546006
manX.aln,0.0012887747297278516
cobC_2.aln,0.008524434328366276
fdnI.aln,0.026815277207961515
group_3999.aln,0.030893532268356033
ydjM.aln,0.004677156175934759
mngR_1.aln,0.008945064800736873
glmU.aln,0.007664161996223193
proW.aln,0.007090374950396047
ridA_2.aln,0.0035171128885391014
pcaB.aln,0.020501319740506608
group_3982.aln,0.007203698542549127
uvrY.aln,0.004103293548255224
nadK.aln,0.006484891916925165
hxpA.aln,0.007102420595319557
purA.aln,0.004842162441282733
agp_1.aln,0.010716153251796812
yihD.aln,0.0007090521553989531
plsY.aln,0.007822177763383854
sbnD_2~~~mdtG.aln,0.11775297792110599
group_4310.aln,0.15788993224515332
group_4693.aln,0.030223721125088913
ynjF.aln,0.006013390556382466
rspB.aln,0.003403852731738114
ybjP.aln,0.00364877697282297
livF_3.aln,0.008866542438954675
mexA.aln,0.008938366661893458
yphB.aln,0.009067292706353482
group_2568.aln,0.008687410152264052
gpmA.aln,0.0069736238373843545
pirA_1~~~pirA_2~~~iroN.aln,0.05277674074428862
ychQ.aln,0.0025938990641482126
group_649.aln,0.0077147556254044325
ykwC.aln,0.05465782176593763
fim.aln,0.003151198996047053
gltC_3.aln,0.010011586395332077
xylB_3~~~xylB_2.aln,0.024755753997003468
ghrA_1.aln,0.017009216799394936
dsdC_3~~~dsdC_2.aln,0.055969043770057035
tsaR_3.aln,0.009379304589798635
group_175.aln,0.01007511207743843
fadA.aln,0.004403595612629593
group_718.aln,0.0058789272527513545
wecC.aln,0.006383699889809858
group_4469.aln,0.09213306035437425
rimJ.aln,0.0012272056535751112
ygiW_1.aln,0.007052831863568772
ansB.aln,0.005680264774717472
cca.aln,0.008663839187457256
lldD_1~~~lldD_2~~~lldD_3.aln,0.08785265484832715
hycF.aln,0.012304782975546527
erpA.aln,0.004566335707754582
dtpD_2~~~dtpD_1~~~dtpD.aln,0.05133928438655186
xylA_1.aln,0.020782844619639574
yebY.aln,0.0028236590259250343
farR.aln,0.012170954526730183
gsiB.aln,0.007390820710473771
thrB.aln,0.001825547444766201
artQ_1.aln,0.0033251367691671287
group_4654.aln,0.028919380716854383
sgrR_1.aln,0.010555387690833829
group_2973.aln,0.007747222322616867
mreD.aln,0.0023979587616736386
gspK.aln,0.012075463803460139
group_4281.aln,0.054445690847237646
group_3945.aln,0.009741006660838597
hdeD.aln,0.004718122983591611
group_3968.aln,0.02795485363508744
yhaI.aln,0.061803577689948784
aroF.aln,0.007068834516484831
secE.aln,0.0
chbB.aln,0.04367583112526826
group_464.aln,0.03072909606308319
secM.aln,0.03460984884087247
trkA.aln,0.0046392411836465785
folE.aln,0.0028601687705671437
group_2634.aln,0.01220879800139966
dgcR.aln,0.007677681280022322
ureF.aln,0.004832886536774113
hisJ_1.aln,0.004515090874470796
frdC.aln,0.009791842247324285
yghB.aln,0.0004765033352748646
yqcC.aln,0.0037517411167907245
waaA.aln,0.008332661176159764
group_3176.aln,0.004195943728493296
murF.aln,0.006074736192698137
panC.aln,0.005184124715379711
bcsB~~~bcsB_1.aln,0.011352803931815923
ycfH.aln,0.007450609164857939
ytjB.aln,0.0067517564366868
garR_1~~~garR_2~~~garR.aln,0.047626384121579414
ycbB.aln,0.011144200218311124
rppH_2.aln,0.010716872671019485
hcaB_1~~~bdcA_2.aln,0.015506193991674142
carA_1.aln,0.00678054660588758
ycdX.aln,0.006976956885177415
group_389.aln,0.0017755187144380905
group_4363.aln,0.0192757130256744
dsbB.aln,0.006202859815755125
mntB_2~~~mntB_5.aln,0.015197205888705328
rob_1.aln,0.0017130860314950446
yheS_4~~~yheS_3~~~yheS_2.aln,0.0496579379428344
group_3091.aln,0.002906457389474031
narY.aln,0.008942801048901352
nudC.aln,0.0038998709550688345
group_2288.aln,0.0197321927356561
dnaX.aln,0.00478486344040557
crgA_3.aln,0.00666367717993986
group_2370.aln,0.004856429088430068
hslO.aln,0.006827405139691025
group_3935.aln,0.03995277058839919
epmC.aln,0.004557845926919753
emrB_2.aln,0.006786877039927308
nqrF.aln,0.0035133449150774685
nirD.aln,0.010387004975403315
bioD1_2~~~bioD1_1.aln,0.016200416961961752
coaA.aln,0.021321429034854587
group_977.aln,0.010728763540281454
ampD.aln,0.0
mntB_3.aln,0.01494822105577912
gabT.aln,0.007001045961530962
btsR.aln,0.009084959554583986
dmoA.aln,0.005731148633076779
group_2416.aln,0.004311229868180533
dnaT.aln,0.00716971492508777
uxuA_2~~~uxuA_1.aln,0.04806540206588699
mdaB_2~~~mdaB_1~~~mdaB.aln,0.04945656301333931
mepK.aln,0.0023645873705839906
mtgA.aln,0.018030070237402284
yoaD.aln,0.0071161156280911695
rcsC_1~~~evgS~~~rcsC_5.aln,0.15628213391153314
siwR.aln,0.04456134889790576
ycnE.aln,0.008103059749959507
tabA.aln,0.024028496831881376
group_590.aln,0.007289080274150047
mepA.aln,0.008446665933683652
group_2479.aln,0.002005834680672098
manZ_1.aln,0.0026612661784122123
group_1429.aln,0.005544890026080886
murD_2~~~murD_1~~~murD.aln,0.04966016099378781
ydgK.aln,0.005234909712330959
group_227.aln,0.009079481123517365
tsaD.aln,0.006528071765240914
azoR_1.aln,0.002855321299126768
gsiD_2.aln,0.004299293297132391
cynR_4~~~cynR_1.aln,0.014434294163866317
selD.aln,0.008655913105864582
sglT~~~opuE.aln,0.09844711554593846
adhB.aln,0.008941061080636555
group_4348.aln,0.03381498841396878
rnm.aln,0.0041512204274152574
fabG_10~~~fabG_1~~~fabG_2~~~fabG_7.aln,0.045532948505661176
nuoA.aln,0.0013525353040683395
shiA_2.aln,0.009150850914568782
ispE.aln,0.004035773666375311
cysC.aln,0.006636178543521643
group_810.aln,0.006465603438266703
yphA.aln,0.006266426915438407
group_3988.aln,0.026742576624008873
ptsH.aln,0.0
group_1874.aln,0.014686862486947528
hemF.aln,0.004174347324558837
yibL.aln,0.007643323832809471
bglK_1~~~bglK_2~~~bglK.aln,0.04885220735053624
ugpC_1.aln,0.04399362928963441
group_1088.aln,0.0021799280368316773
sucD.aln,0.0033586605314101215
ureB.aln,0.00404654444063231
group_1625.aln,0.005578718429449034
menC.aln,0.014592245225016441
ramR.aln,0.0505850181662332
mdtB_1~~~mdtB_2~~~mdtB.aln,0.05810201583761666
group_898.aln,0.004760901822754828
ydgA.aln,0.010154380745695087
ihfA.aln,0.0
oppB.aln,0.004849110589205338
dppC.aln,0.00774076098075864
fsaB.aln,0.0063081579023478345
cbiJ.aln,0.00615438642357626
dctD.aln,0.13316759757884308
gmuB.aln,0.010756405944649786
sqwG.aln,0.0046795347635342375
yjaB.aln,0.002356002401971274
panF_2~~~panF_1~~~panF.aln,0.049749606552955766
cusR.aln,0.010097734191285828
ybdO_2~~~ybdO_1.aln,0.015035994012001957
glnH_3.aln,0.12604595919557626
map_2.aln,0.0036954610553468054
group_4430.aln,0.09786364597776084
nrtD.aln,0.004703878426209707
mhpE.aln,0.014259217901189643
dgoT_2.aln,0.014679847384350837
resA.aln,0.03293302358160446
murA.aln,0.0042004606705542055
rhaR_4.aln,0.010581224328711177
group_3139.aln,0.012580821197930699
iscU.aln,0.002543794739435558
group_1933.aln,0.012869856170100549
oppD_2.aln,0.006584065720605765
nth.aln,0.019933195863471306
cmoO_1.aln,0.014521188659456528
ybdG_1.aln,0.02066926987828726
alaS.aln,0.0038889303583231286
tapT.aln,0.005577015550489647
fes.aln,0.011979716930103638
group_3895.aln,0.0095435578867673
gyrB.aln,0.0038849266330117605
yihV.aln,0.00249206212420196
hisF.aln,0.016417315239040987
gloA.aln,0.0033380117741464714
trxC.aln,0.0033254025455438816
hns.aln,0.001835018504492017
corA.aln,0.01575744596796925
ybjG_2~~~ybjG_1~~~ybjG.aln,0.048550158872947995
group_3175.aln,0.00589765098280516
group_1740.aln,0.0024565276859883204
dgcM.aln,0.010025606823891664
group_2077.aln,0.002203678372314987
group_3918.aln,0.010408092618602682
sulA.aln,0.005085669202033777
ppk_2~~~ppk_1~~~ppk.aln,0.04995260066886139
mdtA_2~~~mdtA_1~~~mdtA_4.aln,0.0648221506583936
pduE_2.aln,0.01241315261987909
prs.aln,0.005386515701882863
yfhM_1~~~yfhM_2~~~yfhM.aln,0.06128352513717349
thiE.aln,0.012397934300510442
osmC.aln,0.004399761605631525
group_374.aln,0.008107095686241855
alr.aln,0.012445967135216863
group_4099.aln,0.05069270720573259
sbmA.aln,0.025536452278790058
group_4553.aln,0.021673305683395136
rbsB_5.aln,0.0050795508581051516
group_3138.aln,0.0009116384855129397
yajO_3~~~yajO_2.aln,0.0998275883368868
group_3900.aln,0.005165476680632196
group_4111.aln,0.006379542594932461
pduS.aln,0.006934760485990391
group_2260.aln,0.00945559111529907
group_3217.aln,0.03209141732308847
bhsA_1.aln,0.002599068166369041
queA.aln,0.01172097046725868
group_4024.aln,0.01151572522134466
metR_1.aln,0.0032644864613983198
rcsC_3.aln,0.011961161367101333
icd.aln,0.011619392593094129
group_984.aln,0.006624851375681175
pdeA.aln,0.006258662250499549
yhaJ_2.aln,0.11346107027866321
amaB_2.aln,0.02871504485315867
pdxB.aln,0.0040916194607485915
ilvA.aln,0.0077269838343021514
group_3950.aln,0.10964300125575813
iprA_3~~~iprA_2~~~iprA_1.aln,0.073379359867708
infA.aln,0.0
yeaG.aln,0.0055696527927831955
hypE.aln,0.005556774009426794
group_2680.aln,0.006050731983966735
mutH.aln,0.006996680201024629
lysC.aln,0.04693276620498525
sgrR_2.aln,0.0069107612196254355
group_3699.aln,0.004802936250901498
patD.aln,0.0063846255573481074
srlD.aln,0.005149822087946637
dgt.aln,0.0040713142011243155
bcsE_1~~~bcsE.aln,0.01476495943849424
deoD.aln,0.00537700126060195
phoA.aln,0.008842530757624308
phnS.aln,0.021386185963357278
ubiI_2~~~ubiI_1~~~ubiI.aln,0.048302813904951926
lon_1.aln,0.004637545507308161
group_4016.aln,0.006088947276308218
sutR_1.aln,0.0016346711375446123
malP_3~~~malP_4.aln,0.053123239006823836
group_3941.aln,0.009382088341059034
dusB.aln,0.002101806053888052
rbfA.aln,0.0026239071336420956
group_3156.aln,0.008429819024753482
group_71.aln,0.010196426920885723
slyX.aln,0.00418288859144994
rodZ.aln,0.00391413260848436
hisQ_1.aln,0.00902513268662712
rbsC_3.aln,0.007551127790836242
lamB_1~~~scrY_3.aln,0.07054103949005348
efeU.aln,0.00947769525429171
glpK_2~~~glpK_1~~~glpK.aln,0.04902050761668881
aldh~~~sad_2~~~sad_1.aln,0.054591326935281695
group_1493.aln,0.0026416454082901744
phnH.aln,0.05062418009043987
group_4197.aln,0.04976806380129873
ydfO.aln,0.009452605905933147
pstS.aln,0.005842130591001068
group_1171.aln,0.006583059329330259
yidH.aln,0.0052498093409017905
group_265.aln,0.006429472718549072
zitB.aln,0.0034935577854104814
phnM.aln,0.005542595430436903
group_2079.aln,0.0037551188315381144
jefA_2.aln,0.01064609066816643
group_4030.aln,0.03896459748411592
group_2840.aln,0.006611086442602681
fabD_1.aln,0.007063166773203609
group_381.aln,0.011397660579693072
skp.aln,0.0030056340090407548
cpo.aln,0.011972807395996264
group_1294.aln,0.0037111128510870883
group_2035.aln,0.008954997411914738
sapF.aln,0.008805737241863936
ruvB.aln,0.0027599146936240497
lptA.aln,0.002598306333086138
group_1779.aln,0.007475528573124077
fucI.aln,0.008950559996651895
slyA_1.aln,0.004652287558274781
rcsF.aln,0.0036316829298403148
group_3947.aln,0.00744405796391951
mtr_2~~~mtr_1~~~mtr.aln,0.05638789109525837
pqqC.aln,0.009384462151272583
era.aln,0.0045749831924472815
gmuR.aln,0.005483657986114828
hycD_2~~~hycD~~~hycD_1.aln,0.04962125415609062
obgE.aln,0.004530637946209468
group_4395.aln,0.02907477796025319
exbB.aln,0.006185284073325213
dmsA_2~~~dmsA_1.aln,0.1056068927733104
rlpA.aln,0.005638778931626241
mipA.aln,0.0040664871502757195
btuR.aln,0.0058420728956759095
ppiD.aln,0.005548308786455259
ycbV.aln,0.004480350353238051
yibH_1.aln,0.01610981195049601
pduF_2~~~pduF_1~~~pduF.aln,0.05789605582213999
ilvD.aln,0.00595798627583915
glrK.aln,0.006570855214563273
fdnH.aln,0.0060973279722225035
group_3336.aln,0.003544915059747725
dsrB.aln,0.004771107299622588
rpsG.aln,0.0
yncE_1.aln,0.006807293944716766
flk.aln,0.008069563184968796
sixA.aln,0.0023585575965546974
glyQ.aln,0.007683279444104243
ubiD.aln,0.008304964913305459
hisI_2~~~hisI_1~~~hisI.aln,0.07703270649610962
secB.aln,0.0010404117723602612
atpC.aln,0.0009116384855129397
group_439.aln,0.012743191583218074
ybhA_2~~~ybhA_1~~~ybhA.aln,0.07144237130823598
ulaA_3~~~ulaA_4~~~ulaA_1.aln,0.1209143178601071
group_1105.aln,0.014556691676058312
proX.aln,0.007831229163945968
bglY.aln,0.006720070700263026
alaA.aln,0.004534952360730016
mdtH_2.aln,0.008955362880613152
ftnA_1.aln,0.005368539848239522
group_949.aln,0.016610634987397087
ssuA_1~~~ssuA_3.aln,0.002827419728373283
bepG.aln,0.05578479287573311
ycaO.aln,0.0054698499899381164
lpxL_2.aln,0.011689905538457402
group_3994.aln,0.010950382306446488
ompA_1.aln,0.0026151696564872345
mepH.aln,0.003391896771917243
mazG.aln,0.00794694807866791
nhoA.aln,0.013669238241129367
group_4360.aln,0.08178315728529333
mscM_2~~~mscM_1~~~mscM.aln,0.050473352449563934
malI.aln,0.01013193449714901
rpsM.aln,0.0005362579326546705
ghxP.aln,0.0035364051757807687
uspG_1.aln,0.001868076715025671
ptpB.aln,0.050861959816875434
glpQ_2~~~glpQ_1~~~glpQ.aln,0.18063595073997615
abaQ~~~ttuB_4~~~ttuB_3.aln,0.08635044420241202
glpF_1.aln,0.004890759055372665
group_4087.aln,0.01601344257491407
fepD.aln,0.004842359600371985
fucU.aln,0.007400740808249993
hemC.aln,0.0017307952643367279
ybdO_2.aln,0.006808969398888978
group_2678.aln,0.001048307337604702
cbdA~~~cbdA_1~~~cbdA_2.aln,0.0837893402151549
fur.aln,0.003232830946020624
rsxC_1~~~nuoF_1~~~nuoF~~~nuoF_2.aln,0.08422376412636734
pfkB.aln,0.007030633836860476
astB_2.aln,0.012321592050661826
proY.aln,0.0031534734652312137
group_2120.aln,0.003989974316981899
yedK~~~yedK_1.aln,0.013237555977200674
yqhC_1.aln,0.007634743360996325
ridA_1.aln,0.027840234019573695
thiS.aln,0.004258569754291703
betA.aln,0.0038330756718223885
ptxS.aln,0.007614167717868119
group_2707.aln,0.004033553826529956
group_4402.aln,0.16873616658413718
group_3896.aln,0.005381121416519552
loiP.aln,0.010681373847492123
rbsR_2.aln,0.011376258237992768
yaaA_1~~~yaaA_2~~~yaaA.aln,0.09513183515339015
coaBC.aln,0.004571440940143748
yfcG.aln,0.007609414071030363
group_356.aln,0.012720750518329714
yafV.aln,0.012019572608142631
treS.aln,0.008683464023529625
yihX.aln,0.0021217138943160426
ramA_2.aln,0.011494763516811371
ramA_1.aln,0.012860337706623873
cvpA.aln,0.008844624321079764
ybeZ.aln,0.0031182929605297503
cydB_1.aln,0.006046650055105047
grcA.aln,0.004243133231767039
pduG.aln,0.005988558344330278
mglC.aln,0.009957900298039998
ctpF_1~~~ctpF_2.aln,0.17348922213375567
rpsQ.aln,0.0019840638558397176
fdhD.aln,0.019444182605785346
comM.aln,0.004564722181689483
punR.aln,0.006209202503911558
cof.aln,0.006758444445638962
sbnD_1.aln,0.0035525830629199355
cds1_2~~~cds1_1.aln,0.08926794841356354
ecpA.aln,0.004206608716988356
yfeX.aln,0.005667718292370852
htpX.aln,0.0026986557496755724
pncB.aln,0.006291473423659772
eutD.aln,0.00808877885948308
yeaW.aln,0.0047585440844242505
group_4448.aln,0.0669699597349518
bipA.aln,0.004011807151421461
hisS.aln,0.004522801541414237
rne.aln,0.0047641423678412165
pdeD.aln,0.008452157575745514
group_4097.aln,0.056291519753508906
group_1377.aln,0.01207267869530167
fdoH.aln,0.0048713552544173404
phnF.aln,0.010018376824301916
group_4394.aln,0.012891111642236157
group_2804.aln,0.003285820614479895
mukE_2~~~mukE_1~~~mukE.aln,0.048846134067604394
pdxY.aln,0.008661818720136938
umuC_1.aln,0.0064621276046127165
group_1699.aln,0.008438791232857483
argR.aln,0.005901906466517333
bolA.aln,0.0022139059212598266
group_1352.aln,0.005442309595648252
efeB.aln,0.012114810654257992
feoC.aln,0.010196212924590083
group_4127.aln,0.05678401661305189
selA.aln,0.03267208087730831
group_4623.aln,0.1869744552804509
yigL.aln,0.0072256602611426544
group_4386.aln,0.011270756667494464
glvR.aln,0.0060962318327857645
yceI.aln,0.0018146491452457998
udk.aln,0.004555752129874419
group_4455.aln,0.02056588777873317
phoU.aln,0.003336594549865546
serC.aln,0.006054429741086539
group_4468.aln,0.011810686993847396
group_1288.aln,0.007233771216468758
nuoM.aln,0.007842927297683402
group_2143.aln,0.010148847514145735
livJ.aln,0.006145530838857755
gsiA_2.aln,0.012709132510884232
artP.aln,0.023624039386816766
cmoM.aln,0.0037277210542888033
yajC.aln,0.00240662135359163
group_4241.aln,0.023024640023629
group_1924.aln,0.003938051164054231
pgk.aln,0.0016040025524946394
dapF.aln,0.005620928354158784
chrR.aln,0.0026901915616391104
group_1410.aln,0.012907395780966942
ygaV.aln,0.005902904743478889
group_4425.aln,0.033931726577561105
mdtM_1.aln,0.012072117550366286
mtfA.aln,0.005881648236950483
group_827.aln,0.00381061791644992
yesO.aln,0.0031487507678814733
group_4124.aln,0.007282155329225742
uspE.aln,0.005227712388905756
moeB_1~~~moeB_2~~~moeB.aln,0.04781946688842564
ccpA_1.aln,0.004908946891786882
thiG.aln,0.007969709972158293
norR_5~~~sfnR~~~norR_3.aln,0.04823081173350847
fepG.aln,0.010478182470898992
group_2087.aln,0.011342036322976071
ydcO.aln,0.012685316556044296
gstA.aln,0.005640494825837642
aroL.aln,0.005190662195753715
galR_2.aln,0.011997294022735833
paaG.aln,0.01049955304904234
dapA_2.aln,0.006544287356659383
ribE.aln,0.0022221454067584325
group_4275.aln,0.007588920778775546
vdh.aln,0.007418086752941107
rsxB.aln,0.005779181102600407
yafK.aln,0.005526994722641487
ilvE.aln,0.005733567987500384
yfgM.aln,0.004481976522665085
yiaD.aln,0.010361593065884661
group_318.aln,0.010245728259446306
gabR_2~~~gabR_3.aln,0.018099609033858675
puuD.aln,0.003995304605177707
group_3978.aln,0.004659746139413354
group_986.aln,0.005106355192296531
ecpE_2~~~ecpE_1~~~ecpE.aln,0.0517957028369315
kdpB.aln,0.010194728644790988
cydA_1.aln,0.0037966148095296016
molB.aln,0.06214582032519234
rpoH.aln,0.0018997117475055476
pgrR_3.aln,0.011327719307732687
iolE_4.aln,0.00879634481757756
rbtD.aln,0.009164315665245486
xylA_2.aln,0.009220862442391299
ybhF_1.aln,0.01254442768230487
rcnR.aln,0.013918509822683577
xylG_2.aln,0.0037415517075167297
rplN.aln,0.0
cdaR_1.aln,0.005499557594072724
metF.aln,0.016896750087871962
bglF.aln,0.020492466106582532
group_3927.aln,0.018502828787091304
iolG_4.aln,0.01003494215084206
nfsA.aln,0.0914673068395535
lptB_3.aln,0.004882958731245743
codB.aln,0.015513001950407283
yfiB.aln,0.004801279321986908
ycaQ.aln,0.007541087077159214
rpmI.aln,0.0
coaD.aln,0.0044934988062169615
rcdA.aln,0.009769162069600778
ypdA.aln,0.003564198034027358
tmcA.aln,0.008510755472056276
malX.aln,0.010284975563697405
kefF_2.aln,0.0076630237004984055
vldW_1.aln,0.015487139117043682
group_626.aln,0.00831749886441359
cybC.aln,0.003604032895074136
group_1260.aln,0.004495843067306433
kdpE.aln,0.006593581072097554
group_235.aln,0.007040783819071024
hpcE_1.aln,0.022034903326785964
thrS_1~~~infC.aln,0.02749708906578746
acpS.aln,0.004456060691948994
group_692.aln,0.0050620948408212916
group_2617.aln,0.006877924778668251
tmk.aln,0.0015464937581054989
yfgG.aln,0.0
rpsD.aln,0.0008559396365370796
srlE.aln,0.009414796439500068
bcp.aln,0.019466277073670598
yhgF_1~~~yhgF_2~~~yhgF.aln,0.048723000774721255
group_4298.aln,0.06063802701075813
group_1155.aln,0.006527169265273011
hrpB.aln,0.006082628450779743
hokE.aln,0.004719695817537211
ascG_2.aln,0.005096645552175571
copA.aln,0.009764383873327223
gapA.aln,0.003861038367816837
ftsZ.aln,0.0030682391388103416
pulH.aln,0.011095270550822154
ycaD_1.aln,0.00639405005019125
uhpA.aln,0.008269297322679111
ampH_2~~~ampH_1~~~ampH.aln,0.05243691285532625
group_593.aln,0.005438406657087992
ydfZ.aln,0.005600247311440885
group_1960.aln,0.010619300900907914
tauR.aln,0.01220626270688895
mobA.aln,0.0077113966991176645
nimR_2.aln,0.007440042386813362
cutC.aln,0.011804383077978289
group_3975.aln,0.012543479121495721
pgaA.aln,0.008334119014811193
nrdD.aln,0.006954209658572859
nikB.aln,0.008822946320878896
znuA.aln,0.0032923843095866785
group_3242.aln,0.0
cysA.aln,0.0088163047299562
rimK.aln,0.0043454769655826946
yigI.aln,0.004686251614132675
group_3986.aln,0.01014988521504812
rsmB.aln,0.02836200231306601
rdgC.aln,0.0031142648850509954
rpmA.aln,0.0
ytfT.aln,0.007239786073480179
cysS.aln,0.011994243757908632
group_3111.aln,0.0
mdtA_1.aln,0.01111495524251533
trxA_1.aln,0.0018129381472280523
lsrF_2.aln,0.011114569684594004
slmA.aln,0.005819144721747167
panS.aln,0.008818734433509676
hycA_1~~~hycA_2~~~hycA.aln,0.046910033512502475
cbiL.aln,0.011715212863760524
group_4013.aln,0.03979646456537214
sotB_1.aln,0.005135652856923172
group_1095.aln,0.008097120189724593
cdh.aln,0.00901833174490546
group_844.aln,0.013155304858550534
xylH_2.aln,0.004735144305676835
cadC.aln,0.0063142271925047755
ulaA_3.aln,0.015097317257363838
azoR_2.aln,0.010263594125965367
gltJ_1.aln,0.008407296013057616
ycgM.aln,0.006025273191745463
astA_1.aln,0.008288423176469944
rsmE.aln,0.0046718874164888395
srkA.aln,0.004637882767364966
yhhJ.aln,0.015136446280126784
fruK.aln,0.010061981550299318
yjbR.aln,0.002901364408822399
group_1214.aln,0.006238111192209737
gntU.aln,0.00669624683858564
gluQ.aln,0.004701061535726369
gcvP.aln,0.010888379487393475
modF.aln,0.009116718039781481
pobA.aln,0.0070766786738573634
artJ_1.aln,0.004238532826134145
mnmC.aln,0.008006449213768493
group_3478.aln,0.0
yijD.aln,0.0005317891165492148
ynfM.aln,0.006998653529891163
group_130.aln,0.008434740110978972
group_4288.aln,0.05565718182814258
cusF_1~~~cusF.aln,0.06081079577291139
fepA_1.aln,0.010356526127568107
bepA_1.aln,0.009541894525290725
group_2579.aln,0.0052062485486792836
group_3915.aln,0.00925794740762893
sucA.aln,0.004866851647470022
group_741.aln,0.0075410901561937015
celA_4.aln,0.002761272613904879
group_3218.aln,0.008541625358387121
group_1325.aln,0.009803186994733685
epmB.aln,0.03084211497087083
trpB.aln,0.005925252369819825
murQ_2.aln,0.007436981734396481
dmsC_2.aln,0.005061396851577085
ugpQ.aln,0.010222131542900094
wecF.aln,0.01254336335175613
rbsC_9.aln,0.011615012138387743
yiaW.aln,0.0033988458969808964
group_2025.aln,0.002252508822731935
crgA_5~~~crgA_4~~~crgA_1.aln,0.03235348352364911
nagB.aln,0.005195929361876117
yadH.aln,0.01303532779591059
group_1439.aln,0.008799409161191651
fimD_5~~~fimD_1.aln,0.012533455992116057
dinF.aln,0.013267589164389559
group_4104.aln,0.14518861808129904
group_4209.aln,0.01074835804255939
ppnP.aln,0.005479149004940093
tdcE.aln,0.009930919910360556
deoA.aln,0.009018487049328167
ygaZ_1.aln,0.005351128877880527
mak_1.aln,0.005180582196689252
iolS_1~~~yajO_4.aln,0.4354548863773354
ppdD.aln,0.0033725524370725726
pspD.aln,0.0008741738902178874
guaA.aln,0.009116292696858869
livH_2.aln,0.1661888801857478
kefC_2.aln,0.0033137626496512313
nanE.aln,0.01249886001844623
dxr.aln,0.004932963913160486
group_527.aln,0.005472099889764966
group_2461.aln,0.011878122746569039
menH_3.aln,0.006647801044137111
lsrD_3.aln,0.008138241676243182
rnhB.aln,0.0019738217911024125
metI_4.aln,0.006408911637089885
rhaR_6.aln,0.006996365044567284
amn.aln,0.006877673321174842
pykF.aln,0.004392652554138207
rbsB_3.aln,0.007105081507666414
mdtC_2~~~mdtC_1~~~mdtC.aln,0.1258643495745057
mglB.aln,0.005487013729086063
capC.aln,0.005172254365372176
entB.aln,0.019850363911665062
pgrR_3~~~pgrR_2~~~pgrR_4.aln,0.1617773629800017
ybhN.aln,0.005845648387203129
group_3671.aln,0.010709062542436901
rutB_1.aln,0.008263158140314688
group_287.aln,0.0075912415746168995
ulaC_3~~~ulaC_2~~~ulaC_1.aln,0.023628317521614657
crr.aln,0.003301825040912083
group_4677.aln,0.03149462182775695
licC_7.aln,0.004149737900971218
slyA_3.aln,0.0011193395619875915
metN_3.aln,0.007194413626019229
pbpC.aln,0.011850286794575171
fucK.aln,0.013599205005130989
ydeP.aln,0.009019333902083709
ftsN.aln,0.0027920798195106
mtlR.aln,0.003165765850758585
group_806.aln,0.00831980731700194
pduV.aln,0.023369238861409954
hemB_1.aln,0.006105507619981632
group_1367.aln,0.006252387816394525
yicL.aln,0.007283717725625649
pyrF.aln,0.003701060493893119
lacF.aln,0.0029457989125610913
rapZ.aln,0.010001146832348142
group_127.aln,0.008721127962615267
cysQ.aln,0.008384345003873181
yqhD.aln,0.005936989459652336
rplK.aln,0.0011349946607566487
iraM.aln,0.004851574893428107
maeB.aln,0.010308197458824013
group_3314.aln,0.0
cyaY.aln,0.0042402575945938705
ytfQ.aln,0.010231256687341653
group_4299.aln,0.13250644500091768
hflC.aln,0.00471449231140448
fabR.aln,0.0028294176860332206
ilvI.aln,0.003158233313303307
opgE.aln,0.005292627643107919
group_2567.aln,0.0031230634767847407
def_1.aln,0.008536971732487296
glnQ_2~~~gluA.aln,0.09310411544303084
lolA.aln,0.0041146856342371
rplM.aln,0.0
gdhA_2~~~gdhA_3.aln,0.0483761846932883
frlB.aln,0.006046984377352646
group_4098.aln,0.004514284881523495
rplE_1~~~rplE_2~~~rplE.aln,0.04462902145979617
nudK_1.aln,0.007812767897456616
mreB.aln,0.001540292688083727
mrdA.aln,0.005417028709801446
tcyJ_2~~~tcyJ_1.aln,0.09399167721770132
group_2298.aln,0.0030959489269260405
group_4090.aln,0.010416230127032917
metQ_4.aln,0.010173363842645038
oppC_2~~~gsiD_3.aln,0.056371110706839846
nudB.aln,0.0037664442843342552
ugd.aln,0.03587140772586694
sucB.aln,0.011093805195015644
mutY.aln,0.010565428904210274
namA.aln,0.05787447316794569
rbsB_2.aln,0.008568566190147417
group_4155.aln,0.06246505881557801
btsT.aln,0.02214815866846732
hypD.aln,0.04609164318069428
fkpA.aln,0.0066730679649899816
lepA.aln,0.004081128047339341
ubiH.aln,0.008925491374022496
trmA.aln,0.005478666613051779
group_1140.aln,0.008129507521376783
dmlR_4.aln,0.04940376706824481
eutL.aln,0.005549319031712154
livH_1.aln,0.0046504467430633105
kdsD.aln,0.004214082987100939
ecpC.aln,0.018419103193435635
ynjC.aln,0.012921456956874343
btuF_3.aln,0.018929998676567535
rbsA_2~~~ettA_1~~~rbsA_1.aln,0.04871076986363292
rsgA.aln,0.004396308692952162
smoE_1.aln,0.009801410821123744
pglJ.aln,0.014902890204418078
galU.aln,0.002038212216608243
rutD.aln,0.008623273422040625
group_3933.aln,0.010072442366353344
hscA.aln,0.0040576748806931875
yafP_2.aln,0.012523499749795814
pduU.aln,0.0065802988194512205
group_536.aln,0.007364755146100112
group_661.aln,0.0033008511595634593
glk.aln,0.005696744290688658
catD.aln,0.009937029578643066
vdcD.aln,0.0
group_2734.aln,0.009344732400009563
gcvA_4.aln,0.012705635049028344
licC_6.aln,0.004086959856952633
ibpB_1.aln,0.007362003031507382
bcsA_1~~~acsAB_2~~~acsAB.aln,0.23932293616712208
guaD_1.aln,0.017149385012083428
yciE_1.aln,0.004701274057541732
rcsC_4.aln,0.005123729205564087
paaA.aln,0.010324300023461732
putA.aln,0.007983212458099628
phoB.aln,0.012486540295656469
ybaK.aln,0.004960374140708476
group_876.aln,0.011771502818189233
mukB_1~~~mukB_2~~~mukB.aln,0.08918354280306644
group_267.aln,0.004019803328791631
group_2271.aln,0.005034536420763813
rpsE.aln,0.0010038418318236667
ygiW_1~~~ygiW_2.aln,0.012830049979812571
trhO.aln,0.007771903513019028
yccA.aln,0.006595486432062211
paaF.aln,0.01847529596070389
iolT.aln,0.0052137864907978995
lpoA_2~~~lpoA_1~~~lpoA.aln,0.04962445523738778
ytfP.aln,0.0021458506273701787
nnr.aln,0.012944482165198801
pduA.aln,0.0
rplD.aln,0.0006318286533257998
yeaR_2.aln,0.0068855412500452295
yfcD.aln,0.0029774439829551463
pntB.aln,0.00567288135427737
exuT_4.aln,0.003996949786416934
nlpA.aln,0.009743254064167015
btuF_1.aln,0.005315377247884306
group_3325.aln,0.010403301870343587
acrE.aln,0.007140809895978877
atpF.aln,0.0008129260380370163
group_229.aln,0.006944494216685722
eutQ.aln,0.010855133424202443
rlmH.aln,0.01871725901295094
group_4617.aln,0.18541617683441572
group_2975.aln,0.002826486630926332
group_2460.aln,0.010991140398992922
iscX.aln,0.015914106247821615
barA.aln,0.003951975161836174
ycdY.aln,0.009942120687491143
cmoA.aln,0.006151241547484277
qseC_1~~~qseC_2~~~qseC.aln,0.056602712488846935
group_312.aln,0.00673569670033755
glnK.aln,0.0014363206768867323
malS_1~~~malS~~~malS_2.aln,0.09447277745395602
potD.aln,0.003350070911420627
group_465.aln,0.00380572444618653
pucI.aln,0.01583003055007988
pgrR_1.aln,0.01586365140654107
cysT.aln,0.007211458662684233
rlmL.aln,0.0052575492833712425
ddrA.aln,0.007792101018195204
queD.aln,0.0071675071907667575
group_4068.aln,0.004349345505379613
speG.aln,0.003474604840295004
fhuC_2.aln,0.012056944482515375
patA.aln,0.01414962171161672
fimC_1~~~fimC_2.aln,0.06935115435289577
prmB.aln,0.01791973453824862
yciO.aln,0.008453910222114551
rsmG.aln,0.002137651495980221
mltG.aln,0.003373533625879003
trmL_1~~~trmL_2.aln,0.029018514944879076
asnB.aln,0.0049471725993981705
yhhT_1.aln,0.05038237468132911
mprA.aln,0.001725146142236416
cbiG.aln,0.0070735256252474924
group_2242.aln,0.0028156062099233456
mutL.aln,0.008192125134389737
group_4435.aln,0.02169428436574963
groEL.aln,0.008061776595619722
lptC.aln,0.0011777027628859715
mntB_1.aln,0.005813230799029927
pdhR.aln,0.002579809390915356
tomB.aln,0.0005105175518872462
metE_1~~~metE_2~~~metE.aln,0.052833128791481776
group_2538.aln,0.005552427427269075
lolE.aln,0.007309297024771656
group_4681.aln,0.08013882727239413
rpsI.aln,0.0
aceE.aln,0.001385011692662309
group_1368.aln,0.003644395224687658
baeS_2~~~baeS_1~~~baeS.aln,0.09590834165682999
talB_1.aln,0.0023348139435875595
pdxI.aln,0.008253549292424991
drpB.aln,0.002625242788803942
yhaH.aln,0.024534176117206635
hisD.aln,0.018225030571814498
entE.aln,0.022785162720200067
yggX.aln,0.0
mltF_2.aln,0.007598102933689764
cirA_1~~~cirA.aln,0.00995796008418629
group_2216.aln,0.010293943394550763
pcaF.aln,0.01106881248949067
phnI.aln,0.00981098132527128
glnA.aln,0.001240215867600268
ftsI_1.aln,0.005752072760862304
yhbO.aln,0.0030509382822795526
group_1876.aln,0.003970704165828167
murG.aln,0.0029953730519382484
hisC_2~~~hisC_1.aln,0.022889452465345933
cysM.aln,0.012852201510752326
yhdE.aln,0.01642771608034465
molA_2~~~molA_1~~~molA.aln,0.06019473787587143
argI.aln,0.011832236369057869
dapE_2.aln,0.003791554272175708
group_1194.aln,0.010927778692351302
igaA.aln,0.003760989393180974
ddpC_1.aln,0.0167867697264497
osmY.aln,0.0037123758578035304
alsT.aln,0.005873027597511836
gph.aln,0.004066207892073622
ycgL.aln,0.0019463630655496254
lsrC.aln,0.019718246918598588
group_3964.aln,0.018917108875459186
adh1.aln,0.0067659026221191755
fosA~~~fosA_2~~~fosA_1.aln,0.09750201611607305
galB.aln,0.011349966416901518
abgB.aln,0.01910116464715196
relA.aln,0.06437660383772918
acs.aln,0.0060925949723234915
thrC.aln,0.003142043104834617
ihfB.aln,0.0
ygfX.aln,0.00636576521308004
nagB_1~~~gamA.aln,0.04987267024734324
cstA_2~~~cstA_1~~~cstA.aln,0.13584080825356643
livF_4.aln,0.0101129704629831
dinB.aln,0.00748879603820667
ibpA.aln,0.003411210073071013
nfsB.aln,0.05217278062376196
mutT.aln,0.005790350015312479
group_656.aln,0.0049901941725251095
group_4384.aln,0.035575215124417754
group_3888.aln,0.007478643144770795
lldP.aln,0.006768898715590847
gstB_2.aln,0.014800023513903441
curA.aln,0.018461155008968742
argT.aln,0.03345111280127683
xecA1.aln,0.004756885692528106
fadH.aln,0.012684167041151445
arnD.aln,0.00922455004625037
rlmI_2~~~rlmI_1~~~rlmI.aln,0.04987269690997529
potA_3~~~potA_1.aln,0.02409283656969607
sfaF.aln,0.005656898401819786
nanX.aln,0.08764740945375481
tauA.aln,0.004326426296866835
group_4290.aln,0.01625143796705036
fetA.aln,0.008799699451920015
pdxJ.aln,0.013728691200096147
ydgT.aln,0.0008863151942486914
fabG_6~~~fabG_5.aln,0.027655219892952748
rutC_2.aln,0.008588855301228448
glvR_2.aln,0.01803305440134387
pilC.aln,0.011840637681494081
group_4383.aln,0.005532802040225364
group_4287.aln,0.049503314021719196
pulI.aln,0.009132346861748027
group_1261.aln,0.011326448813052769
pdeN.aln,0.006242675118785198
rluA_1.aln,0.006583388957521029
nagA.aln,0.002383298424775758
galD.aln,0.012931959182084422
group_4478.aln,0.024016080767698244
pmbA.aln,0.009651975129191971
fbpC2.aln,0.017037818563851986
glnL.aln,0.003649680420609818
group_2335.aln,0.0010936435154357573
cscB.aln,0.009299543906579675
yqeG.aln,0.003435525557466537
tdcC_2~~~tdcC_1~~~tdcC.aln,0.05164462200845239
group_271.aln,0.005975386230925895
group_4048.aln,0.04796934545208531
bglA_1.aln,0.00921743615279022
ulaB_1.aln,0.0021716615642317486
hupB.aln,0.0007012603734714921
tqsA.aln,0.006838986630305049
yhaJ_1.aln,0.005459285353225506
oprM_1.aln,0.007108424035324974
lpxD_1.aln,0.005868407121889835
dmlR_3.aln,0.01550621427443692
group_1688.aln,0.00870709263626393
yceF.aln,0.01686771175428114
yfeZ.aln,0.0018231744100456414
malP_5.aln,0.004862445048110831
astE_1.aln,0.019178524257835505
malT_2~~~malT_3.aln,0.048292046084332914
creC.aln,0.005289623477290782
dnaB.aln,0.005098578967576477
ttuB_1.aln,0.01817061836406237
gmhA.aln,0.005275467319337065
fecE.aln,0.007851484525777006
group_2273.aln,0.0044740551656160124
ptxR_2.aln,0.009177670042775303
treR.aln,0.006070311368925028
btuD_1~~~uup_3~~~xylG_2~~~xylG_1.aln,0.09796590386507224
yfeY.aln,0.0022551054955607147
yieH.aln,0.0061778957886012755
bdhA.aln,0.017320086037711093
pulL.aln,0.012316319837247207
glpB.aln,0.009125826375349245
qmcA.aln,0.005829810892792238
ydiJ_2~~~ydiJ_1~~~ydiJ.aln,0.05215251184259286
gcvA_2.aln,0.011350768769993944
fhuA_2~~~fhuA_3~~~fhuA_1.aln,0.14665986683007043
ubiF.aln,0.010495669974313336
guaB.aln,0.007610732792583118
gltR_3.aln,0.0171895939110304
group_4002.aln,0.015609474955557288
yghU.aln,0.008612032524966472
group_2055.aln,0.006202103177449422
purL_2~~~purL_1~~~purL.aln,0.05210671102021104
hsrA_2.aln,0.0035030007915792063
glnQ_1.aln,0.008387312882061132
glnQ_2.aln,0.003924444441176801
bluF_1.aln,0.0031629345351120424
group_2514.aln,0.006891977040529888
rpsJ.aln,0.0
ygeA.aln,0.005691535937407182
dnaC_1.aln,0.002787920698836519
oxyR_4~~~oxyR_5.aln,0.02367065171992164
group_621.aln,0.0100412568391824
group_4441.aln,0.06763998982839721
fumA.aln,0.005124608902849987
group_3261.aln,0.0
ytnP.aln,0.008248204762960013
group_3477.aln,0.006350669881412018
dppD_1.aln,0.01763197410109821
ubiX_1~~~ubiX.aln,0.06988110549987477
cmpB.aln,0.005200100491277146
otnI.aln,0.008062428663834593
eutS.aln,0.00545269405671153
group_2802.aln,0.0014025207469429842
ygbN.aln,0.0038882195816564197
purH.aln,0.008587062152201763
mdtI.aln,0.007484814161497469
cybB.aln,0.005958904068003312
oxyR_6.aln,0.002965622248009788
tsf.aln,0.00086740518965602
pduC.aln,0.007056712886890982
tatB.aln,0.0030696214800243365
rimO.aln,0.006811500157032986
sspB.aln,0.0031546615482988412
rplA.aln,0.0028820782506835613
astD_2.aln,0.005438952512222716
group_4678.aln,0.04012526585315988
secF.aln,0.005721274561782898
cysG_1.aln,0.013149552839783321
plsC.aln,0.0040702000153463895
glpT_2~~~glpT_1.aln,0.057710527901925684
dnaK_2.aln,0.02762233168294328
mhpC.aln,0.007720337255205983
group_4440.aln,0.021082669708047584
mgtE_1.aln,0.01275244725700628
padC.aln,0.0024972166447752298
cynR_1~~~argP_1.aln,0.057239306811521715
group_679.aln,0.013229405438182447
group_4178.aln,0.011437183595688748
eda.aln,0.0044429566948216495
glpG_2~~~glpG_1~~~glpG.aln,0.0541410611187633
groES.aln,0.0
group_2786.aln,0.004931603941538523
sufS.aln,0.006215618776573572
group_4272.aln,0.056862617142301716
yfcJ_2.aln,0.006321011395618399
mltB.aln,0.003191766115442513
lamB_2.aln,0.023750538888961344
bioA.aln,0.010527691118004584
fetB.aln,0.007325349373463481
rpiA.aln,0.005353255501012986
group_3113.aln,0.003656081808069327
group_4495.aln,0.22937574192910648
iolI.aln,0.008680360894190097
group_3631.aln,0.008547868097718517
talB_3~~~talB_4.aln,0.04846753593021163
sbmC_2~~~sbmC_1~~~sbmC.aln,0.05647427559322384
smc~~~smc_1.aln,0.08269184125350736
cmk.aln,0.0026576444305590947
argC.aln,0.01760540898100089
yheS_1.aln,0.012070243513486874
cnoX.aln,0.0045565961379868845
feaB_2~~~feaB_1.aln,0.05550952241142032
pgpB.aln,0.0026746014948456826
argO.aln,0.017799030294690918
group_1516.aln,0.03901089645878871
atpI.aln,0.0
araG_2.aln,0.004923242830632941
cobT_2.aln,0.008944131272779295
por_1.aln,0.011077779037669442
purU.aln,0.006782131061380657
guaD_2.aln,0.010008466096728995
fabG_7.aln,0.00995939779839833
nikC.aln,0.01121093589273376
dkgA.aln,0.00588950437995888
yggR.aln,0.007501558493564132
group_4378.aln,0.018114218325675117
ydbH.aln,0.009416151441879305
entC.aln,0.003951197345716374
group_2383.aln,0.00929690557204973
pyrB.aln,0.005734186473975864
group_2286.aln,0.0039289430472029645
group_2202.aln,0.006034405013635168
metG_1~~~metG_2~~~metG.aln,0.062468347164434286
scoB.aln,0.005624479700015343
gdx.aln,0.0068836569150127445
fabA.aln,0.003791039773314115
hrpA_2~~~hrpA_1~~~hrpA.aln,0.06319255260022577
group_4153.aln,0.011858595178742742
ttuB_3.aln,0.006009190576365973
moaB.aln,0.01260199413900619
tpa.aln,0.013194138082781429
zntR.aln,0.007688635479543149
hcaR.aln,0.005408842905680251
degS.aln,0.02050110916534257
acpH.aln,0.016573892387912962
feoA.aln,0.0
poxB.aln,0.006913033133886333
grxC.aln,0.0007596987379274498
osmE.aln,0.0
pspG.aln,0.010550475133629405
gsiC_2.aln,0.00637382268270893
leuA_2.aln,0.004891833919720056
rcsC_1.aln,0.006523078304019362
cusC_2.aln,0.006123253674853102
dcrB.aln,0.003473598054684074
rplQ.aln,0.0
group_1360.aln,0.0037896628703907717
mdtN.aln,0.004276749704178333
fabG_3.aln,0.007657333888423359
group_4088.aln,0.051304823984532795
fimF.aln,0.010147926131511024
tsgA.aln,0.00637342488077015
tsaR_2.aln,0.002537722106910508
mtlK.aln,0.011803178131160837
macA.aln,0.004750522936649391
dcd.aln,0.00937170892709869
rbbA.aln,0.011668277340528202
yejE.aln,0.010716543799499234
hycI.aln,0.005335074751142535
group_1878.aln,0.011951432582221002
cdd.aln,0.009079968601945246
group_3971.aln,0.04816439509195544
entS.aln,0.013500069343610569
rpsU.aln,0.0
glgB.aln,0.006847398114501292
group_4346.aln,0.029511028531717182
group_1549.aln,0.01155585307293247
acrR_2.aln,0.007405994688001093
occP.aln,0.014034095000556994
glpR_3.aln,0.00949429676536889
ompN_2~~~ompN_1.aln,0.023637881381644
tas.aln,0.004864033848255206
queF.aln,0.009527740528653
bioB.aln,0.0066360746640246274
rcnA~~~rcnA_2~~~rcnA_1.aln,0.08709135990955057
recB_2~~~recB_1~~~recB.aln,0.05527283284099376
yoaA_1~~~yoaA_2~~~yoaA.aln,0.17961662188136743
nhaK.aln,0.0040698591416755215
proA.aln,0.009962768113425105
yceO.aln,0.0027587035200123742
fadJ.aln,0.00860343202860272
yadG.aln,0.003997798853507984
rbsC_6.aln,0.011162283862311198
group_1027.aln,0.02035187806778098
fucA.aln,0.002303220198931243
group_96.aln,0.008172052156142804
ydiK.aln,0.005479176375288317
group_1624.aln,0.009223653107233502
potH.aln,0.005000493610841695
group_483.aln,0.005872639871938175
aroB_2~~~aroB_1~~~aroB.aln,0.04703755200983884
melR.aln,0.008551695029832117
group_1762.aln,0.009383120628183307
group_4370.aln,0.07207288530206284
sacA.aln,0.01230808955094236
ispF.aln,0.005237324345638529
group_3701.aln,0.003197957347971302
group_540.aln,0.009970567686970735
yeeA.aln,0.0071003702004878745
suhB_2.aln,0.008506554996995633
cadB.aln,0.007509746880634555
group_3373.aln,0.0
rpsF.aln,0.00048344465140837714
group_832.aln,0.008886127300143954
lysP.aln,0.0057930616150159405
group_1391.aln,0.011099017802249679
mutM.aln,0.007161022248960963
rhaM.aln,0.01971103413722958
aaeB_2~~~aaeB_3.aln,0.0542004021445182
yhjJ.aln,0.005497449671662748
bamB.aln,0.017647888951070306
yqaA.aln,0.006076743286902758
pdeK.aln,0.012473360819930068
glcR_2.aln,0.008801792998994582
erfK.aln,0.025645577781664368
bcr_1.aln,0.004891899146931942
tus.aln,0.00533305824165927
ecpR_1~~~ecpR_2~~~ecpR.aln,0.051301393636254244
btuC.aln,0.005837615396065487
nasD.aln,0.011315736031224582
group_3070.aln,0.004003713725921453
group_3949.aln,0.004827147917961982
acrF_1~~~acrF_2~~~acrF.aln,0.22340184832171445
hcaT.aln,0.008056990202861151
ppiB.aln,0.013053780996065007
tktB.aln,0.007433405890845778
rpmD.aln,0.0
group_1851.aln,0.005406119813009493
hemW.aln,0.03617528790125118
ureC.aln,0.026897868924153755
moaA.aln,0.012080202279875264
fbp.aln,0.005450111765552888
crp.aln,0.0029151784450168437
chcC2_1~~~chcC1.aln,0.0566495982892748
ratA~~~pasT.aln,0.027127869570179368
group_2913.aln,0.010091647420835879
ddlB.aln,0.0025935995670095333
cat3.aln,0.0077613317359258565
ydcU.aln,0.009201219611473393
group_4195.aln,0.05186796802360883
yhhA.aln,0.013312433015655779
dgaF.aln,0.007434108492650577
purR_1.aln,0.003986796068826938
tenA_1~~~tenA_2.aln,0.015540568889479491
budB.aln,0.02904172522477382
selU.aln,0.011233823362542786
envC.aln,0.008552964070488611
pduM.aln,0.008301750836053064
group_2744.aln,0.004466766093296931
yhcO.aln,0.0031679427052832936
group_4007.aln,0.01294089278437663
ompN_2.aln,0.00415172916106639
group_4534.aln,0.011335885959990695
alx_1~~~alx_2.aln,0.049440879372343656
fabH.aln,0.0033781302090778948
ldcC_1~~~ldcC.aln,0.05851082317046748
bglG.aln,0.005719708135106783
group_880.aln,0.004952761584884704
yafJ.aln,0.0024500956248154856
feaR.aln,0.013362723448971263
setA.aln,0.004987010742088846
group_2914.aln,0.005447957443722043
group_4634.aln,0.018705367835701515
group_2515.aln,0.013311087772690596
nhaA.aln,0.01638980870984412
gabD_2.aln,0.022575417899294827
tolQ.aln,0.0038218101318365436
rsmF.aln,0.004584793313084581
minD.aln,0.0019197379470642685
aceI.aln,0.00041438112977860894
rplC.aln,0.0
darP.aln,0.0073098612173860145
rimM.aln,0.0011594064996262527
group_4086.aln,0.014873423034556955
group_4078.aln,0.024378207695594418
pdxH.aln,0.006275989628231962
group_1611.aln,0.0017476210129158134
queG_2~~~queG_1~~~queG.aln,0.09472201405836476
iscA.aln,0.0
group_4025.aln,0.043663601222796826
smrB.aln,0.00495272424349177
yicJ_2.aln,0.0033288011002019506
nudG.aln,0.006680901559779499
group_2080.aln,0.006543653500627842
gmuD_1.aln,0.0064716094326072475
ybjN.aln,0.004640442712880275
ygiN.aln,0.008080684960400254
fcuA.aln,0.005099761866888583
csbX_1~~~csbX_2.aln,0.0658325737560566
nagK.aln,0.010289303440903229
pgi.aln,0.0019741882402893682
group_4628.aln,0.022485610727156085
yjjV.aln,0.0068164435971419775
modE.aln,0.007001085454053304
fabI.aln,0.000762433967358842
hpaB.aln,0.02146028453325965
ynhG.aln,0.013017461164237302
ppx.aln,0.011286569223952176
lrp_2.aln,0.007759068352514011
moeA.aln,0.011691362999487866
hexR_3.aln,0.004681698095435262
aglB.aln,0.006615581082655421
group_4650.aln,0.056553846438705514
polA.aln,0.005201742567654533
yoaK.aln,0.0
lvr.aln,0.00707137165126958
tssF1_1.aln,0.008166806008415883
lsrA~~~lsrA_1~~~lsrA_2.aln,0.16837838423723417
hemN_2~~~hemN_1~~~hemN.aln,0.11991740768165289
group_1376.aln,0.0052089999665605536
ftsL.aln,0.003384865258273407
group_893.aln,0.007727065836572556
dacC_1~~~dacC_2~~~dacC.aln,0.05037767572141171
lpxK.aln,0.01063433827422637
yfgD.aln,0.005606604812754279
hokA.aln,0.04575195663221406
adhP.aln,0.005601657437329263
glmM.aln,0.005053270886371158
group_4361.aln,0.05414987943783583
group_3095.aln,0.006152678280161583
xylR.aln,0.005758500099112984
group_801.aln,0.00837000143187237
gsiC_5~~~gsiC_4.aln,0.009743111022506686
group_4039.aln,0.018365974332907514
ygaP.aln,0.019169476038934343
recA.aln,0.0077445325181670155
relE~~~relE_1.aln,0.006975244149300876
group_4103.aln,0.011715335514393625
yghA.aln,0.009621942204551948
moaF.aln,0.03732494421585756
group_4045.aln,0.021830081743594514
lpxT_1~~~lpxT_2~~~lpxT.aln,0.046206164285647215
galK.aln,0.022686633615987422
pduK.aln,0.0076657374769384876
cobB.aln,0.01163110365560275
rcsB.aln,0.003872110625384102
bfd.aln,0.0016127805193918495
rimI_2.aln,0.07293453332138877
nanK~~~nagC_2.aln,0.05291535960785081
mdtJ.aln,0.004716102041942878
hiuH.aln,0.042598269656693874
menD.aln,0.007019992759778492
mukF.aln,0.003866512825345737
ompR_2.aln,0.005380670653244205
zwf.aln,0.004911518968940371
group_612.aln,0.0033038074472546194
otnK_2~~~otnK_1~~~otnK.aln,0.05102815797116836
yhhX.aln,0.009056536613361421
gcd.aln,0.0050599742096224636
group_677.aln,0.006621229442082909
yhhS_2~~~yhhS_3~~~yhhS_1.aln,0.08510707039435603
group_303.aln,0.009062539877135112
thiI.aln,0.005864775233555366
cysP_1~~~cysP_2~~~cysP.aln,0.05008483524279514
norG_1.aln,0.01017713963926248
paaB.aln,0.01056746730606172
lacG.aln,0.016185954075687955
hflK.aln,0.0035061970615684014
mug.aln,0.009397994351019609
lysU.aln,0.007386861125085004
lpxM.aln,0.009965463724924678
rutG_2~~~rutG~~~rutG_1.aln,0.1269752885243271
lsrB_2.aln,0.019034576771342324
shiA_1.aln,0.009211922237192626
aroE_3.aln,0.005770742955261577
plsX.aln,0.003550931668970554
group_2078.aln,0.0030450171988023094
group_3960.aln,0.017501794824813753
ompC.aln,0.06244744699641271
pheT_1~~~pheT_2~~~pheT.aln,0.24273234732250024
codA_2~~~codA_1.aln,0.04943884820677188
ynjE.aln,0.0060014212545291485
radD.aln,0.004652412872506387
group_535.aln,0.007365472433441885
accA.aln,0.006307219413525877
ybdG_2.aln,0.014577742555471456
dnaG.aln,0.002269383589137371
amiC_2.aln,0.02050450982367005
atoB_2~~~atoB_3~~~atoB_1.aln,0.17008215759912063
group_662.aln,0.008892973878736204
aceF.aln,0.006306595068415493
hisM.aln,0.010375631513267434
proS_1~~~proS_2.aln,0.007011055202540071
group_4414.aln,0.013729925429830812
rhaS_2~~~rhaS_3~~~rhaS_8.aln,0.02440999888376727
edcC.aln,0.0054752828878349095
pptA.aln,0.026553880018801497
pdeH_1.aln,0.0033266028034797555
group_4400.aln,0.02322958111946021
group_4109.aln,0.09280176156990343
fhuD.aln,0.00589890312385409
licC_3~~~licC_4.aln,0.016042461782136936
ylaC.aln,0.005884486974800881
murR_2.aln,0.0054627671880757974
aspA.aln,0.0062649742022048835
oprB.aln,0.011462316614259489
clsB.aln,0.007050786230864848
rutB_2~~~rutB_1.aln,0.015583481555816769
nuoI.aln,0.0035798441294290118
serS.aln,0.004981179237307415
sodC.aln,0.006196535530889802
clpA.aln,0.0030677874551840664
iolC.aln,0.009961632286818995
group_1996.aln,0.008695933882620724
ddpC_2.aln,0.010924842546167142
pagL.aln,0.010903962503640927
iolD_2~~~iolD_1~~~iolD.aln,0.0557585925315997
hipB.aln,0.004396141801739727
moaE.aln,0.006400470298309777
msrQ.aln,0.0062398537614944
phoP_2.aln,0.010657761207081588
folP_2~~~folP_1~~~folP.aln,0.047216119210563824
group_4185.aln,0.1585694742849241
ccmK~~~pduT.aln,0.008128380672705946
uao.aln,0.02811191304401969
aceA.aln,0.006500708100311401
dinG_2~~~dinG_1~~~dinG.aln,0.04868048644067198
thiP.aln,0.005985181324496364
menA.aln,0.005362601569334792
group_911.aln,0.009424160929706393
leuE_1.aln,0.010583366562355256
group_343.aln,0.0074072250609347355
dtpA.aln,0.0027349342903820223
ybiI.aln,0.035380318351062395
group_1113.aln,0.005260843059987112
group_3276.aln,0.004410905830755584
malY.aln,0.009604772673206908
atpG.aln,0.000375300981325311
chbG.aln,0.008795045275100381
rsxC.aln,0.015099850335504317
group_2549.aln,0.007223705999110896
mlaC.aln,0.0018104420567916937
group_1106.aln,0.006187598170120076
group_572.aln,0.011794421309209038
mreC.aln,0.003647707182856216
rplJ.aln,0.0
abgT_2~~~abgT_1~~~abgT.aln,0.0789517138078479
group_1708.aln,0.006652390682056929
malE.aln,0.003975959163269035
group_4219.aln,0.005839840301669009
group_734.aln,0.004141551125657817
ruvB_2~~~rarA.aln,0.021894878679863984
lacZ_2.aln,0.006900808108082443
efp_2~~~efp_1~~~efp.aln,0.05422995953720749
cysJ.aln,0.010779533758988165
pcaJ.aln,0.008220570199868459
mlaA.aln,0.0031452618561849874
uspF.aln,0.002381119756205969
nuoG.aln,0.004470655062892499
group_3980.aln,0.014617229868174313
dgoR_2.aln,0.004243944695335221
truB.aln,0.005398756070866656
acrB_2~~~acrD~~~adeE~~~mexB_2~~~acrF_1~~~mexB.aln,0.18445895056513387
ybbJ.aln,0.008492985250777128
group_4052.aln,0.006573666314225794
mtrA.aln,0.010766794180063046
group_4489.aln,0.012046768977979563
nadD.aln,0.005110448597895302
eutP.aln,0.006013757315775347
pabC.aln,0.007192499752330938
yfgJ.aln,0.007490709009833955
corC.aln,0.012972111691876113
nfi.aln,0.004979055968756498
lolC.aln,0.007766244290173702
group_4051.aln,0.005054638177514776
tacA3.aln,0.0007170190335495032
malP_6.aln,0.011295176548419637
ribA.aln,0.005958212925367725
group_4143.aln,0.010374763356150033
pdeC_1.aln,0.004134025739073414
group_4094.aln,0.02782600859268314
group_2565.aln,0.002743285330723959
group_4108.aln,0.01320587564711745
ureE.aln,0.007357848500424048
narJ.aln,0.010426582653411788
group_2056.aln,0.0011095093930682631
rffG_1.aln,0.0028827266152800716
recQ.aln,0.005791947082228761
group_3976.aln,0.03925735137268026
waaC.aln,0.01728789734818079
garK_3~~~garK_2.aln,0.04838669468746913
mhpA.aln,0.0230227459414219
yfiF.aln,0.005931942819944688
uspC.aln,0.013158662363737061
iolG_2.aln,0.00800784650412633
birA.aln,0.006944104474101663
lacI_1.aln,0.006972146876147638
aaeR_2.aln,0.005936081889680204
srmB.aln,0.0051369055821882705
group_539.aln,0.004124047833823645
eutJ.aln,0.01708231546869154
eutT.aln,0.0136035268444486
group_2939.aln,0.005174911937356201
group_1766.aln,0.012046685420349564
ugpB_1.aln,0.10073723700143271
group_2119.aln,0.00514691469986632
cyoB.aln,0.002135440778810745
srlR_2.aln,0.006328107765243277
nuoB.aln,0.0023000989182553324
yhbY.aln,0.01723993820043043
galP.aln,0.005440573573903816
mdtK.aln,0.006876054914048136
sdhA.aln,0.00435628808474719
rocC.aln,0.00698840371022111
nhaK_1.aln,0.05578518281449386
group_4373.aln,0.009605407913456949
phnO.aln,0.012071789297332464
hmuT.aln,0.0104571990116924
ispB.aln,0.003844669090039352
group_4444.aln,0.008307692847730894
sugC~~~uup_1~~~uup_3.aln,0.052175000653200965
group_4276.aln,0.049260013649044226
nqrE.aln,0.004035963948250291
yusV.aln,0.00920864262479457
group_2384.aln,0.001582182495518325
cbiD.aln,0.009849133963365644
oxyR_1.aln,0.010799536484657618
nusA.aln,0.04827445773335155
ytfF.aln,0.010774264413080444
bamC.aln,0.006172207835634143
fadL.aln,0.0029295534670866217
group_2224.aln,0.005629600173254564
fabY.aln,0.011715875544250222
rnr_2~~~rnr_1~~~rnr.aln,0.04839013743129868
group_1399.aln,0.011048765870680178
group_3229.aln,0.005581913383131941
astC_1.aln,0.003925223978976682
bcsZ.aln,0.012494794655775472
trxB.aln,0.002853337996233915
group_4055.aln,0.01929715287209428
waaG.aln,0.025149309095124008
glmS_2.aln,0.008941481295948281
group_4186.aln,0.011288228865650292
garP.aln,0.004314640948515814
ydhP_1.aln,0.005938609710064541
prfC_1~~~prfC_2~~~prfC.aln,0.0480870053753174
surA.aln,0.003495179263573604
yejM.aln,0.00532992375519734
caiE.aln,0.005463594743403499
entD.aln,0.15409978355123474
metN_4~~~metN_3~~~metN_2.aln,0.05835580793827425
xynB~~~xynB_2~~~xynB_1.aln,0.09836386295555664
aaeR_3.aln,0.010402182884328386
group_1729.aln,0.0017065248139201997
parM.aln,0.01103016428663153
rspR.aln,0.008022375653924869
dadX.aln,0.009490014391073711
murE.aln,0.005571736659523134
dgoK_2.aln,0.018185916444563303
cbiK.aln,0.010112990259304554
gltK.aln,0.004463829112318352
argP_3.aln,0.004511988270182021
group_4638.aln,0.17444116049205596
ruvA.aln,0.003996127730470645
iraP.aln,0.0070116937845621586
psiE.aln,0.0034598269702351948
mdtM_1~~~mdtM_2.aln,0.049506904803175635
mntR.aln,0.005737515114423081
group_1981.aln,0.004157533980966422
yggS.aln,0.006632261557576924
rpmB.aln,0.0
truA.aln,0.0025227223706389746
group_4119.aln,0.013119011745565175
pdxA.aln,0.00392474178296001
gss.aln,0.004294018667861079
yedF.aln,0.024620995564901365
ydfG.aln,0.0019730156028911097
metN_1.aln,0.005086734051603713
ridA_3.aln,0.003477768083569228
group_4377.aln,0.01827785038610404
ligA.aln,0.00658684750944312
group_2491.aln,0.0045800150628364416
mnmE.aln,0.006050520727795653
yajI.aln,0.0071835000900304985
group_209.aln,0.015549025807470017
group_1183.aln,0.004549025897025785
ampE_1~~~ampE_2~~~ampE.aln,0.09313703390976447
yqcA.aln,0.001944519337311723
yofA.aln,0.004178945368701916
group_3632.aln,0.008272936501108295
pyrE.aln,0.008865513505795494
yciI.aln,0.009406623321633787
crnA.aln,0.09160310772557831
tyrB_2.aln,0.02147909297457615
kbp.aln,0.010634564861078935
cdiA.aln,0.023344709940185282
aroK.aln,0.0010514834951819815
cecR.aln,0.0016079469020269005
cedA.aln,0.02565738836901357
group_3475.aln,0.0
cimH_1~~~cimH_2~~~cimH.aln,0.04709968290459893
smdA.aln,0.009106799248387401
rplO.aln,0.0
cidA.aln,0.006194687360214629
crl.aln,0.022404993344313028
gltX.aln,0.0032303409301444653
aphA.aln,0.008549368360873971
gstB_4~~~gstB_3.aln,0.013505093776805449
group_2401.aln,0.0027579138686214732
recR.aln,0.015462162647099433
mfd.aln,0.00926421655858083
oxyR_2.aln,0.008501422508505859
group_3952.aln,0.008878345369772916
pitA.aln,0.001830873358625702
nuoE.aln,0.0010098528607567425
hpcG.aln,0.012975277537009711
entF_1~~~entF_2~~~entF.aln,0.18136729597015905
group_1265.aln,0.0038620997471100894
mraY.aln,0.003886565950646731
asd_2.aln,0.005202087894515093
dctA_2~~~dctA_1.aln,0.009169681252623641
group_2976.aln,0.0013103841720058776
folM.aln,0.008173960842201943
rseB.aln,0.006095090506270291
cbpA.aln,0.006461410576698589
yebE.aln,0.008959087074291923
iolG_3~~~ydgJ_1.aln,0.011877615565450786
edd.aln,0.004639218224517294
group_3911.aln,0.020349652245805143
arsC.aln,0.007091242003691216
group_1040.aln,0.011691636509293717
yjjQ.aln,0.002941965731609489
dacD_2~~~dacD_1~~~dacD.aln,0.05138417749688955
cydX.aln,0.00037839432425494066
ahpC_1.aln,0.012554458410632975
group_1344.aln,0.006006003102500122
ascG_1.aln,0.004939047333392334
iscR.aln,0.0006392117912223794
group_995.aln,0.011556208703928419
yigB.aln,0.008320801999045663
group_3951.aln,0.012690702473220008
rpsP.aln,0.0
leuC.aln,0.005738808221833801
mdcC.aln,0.007867285735935753
rhmR.aln,0.005422752657019215
yibF.aln,0.03545046611305199
tssF1_2~~~tssF1_3.aln,0.1575283506775752
cadA.aln,0.007680022691350658
zupT.aln,0.0030569324372501385
apbC.aln,0.008991507835467557
pat_2~~~patZ~~~pat_1~~~pat.aln,0.08776397583648676
group_226.aln,0.004330112151321944
group_1096.aln,0.010975626783024467
pldB.aln,0.0041726612720127815
dhaD.aln,0.009246139361646998
group_3433.aln,0.0
mtlA.aln,0.01303411165731528
hdfR_3~~~hdfR_4.aln,0.008583873509042909
group_2386.aln,0.009512975602671092
yigZ.aln,0.006067626717549618
phnU.aln,0.024469201180752343
dapA_2~~~dapA_1.aln,0.01847320149940402
rpsO.aln,0.0
cynT.aln,0.006422822665570119
murC.aln,0.005893696049215494
xseA.aln,0.008471671649922895
hflX.aln,0.0028368704765768674
lrpA.aln,0.010669289213369048
acrR_2~~~acrR_1.aln,0.11785715689794551
group_3928.aln,0.008744343422043083
acrB_2.aln,0.006685807956934172
narK.aln,0.0034750837891970783
phnN.aln,0.008322010925963859
rutR.aln,0.006596057559584991
amiB.aln,0.008257944379555656
yhaJ_3.aln,0.028208276727426176
pspA.aln,0.008032881085078684
purM.aln,0.004447202064105415
mdoC.aln,0.006734223493378472
ribF.aln,0.00340881306224953
cutA.aln,0.01121091804451626
manY.aln,0.0030069154687078427
ahr.aln,0.014357834858069652
ctpF_1.aln,0.006547282445137153
kdgR.aln,0.05983164550520948
nupG.aln,0.002458123585994664
pduL.aln,0.0048288933254826034
ompA_2~~~ompA_1.aln,0.0167832683345294
pduO_1.aln,0.006212035494527576
metN2.aln,0.013315158945144515
ubiC.aln,0.006933566972871077
atpA.aln,0.0024639056330726787
ybhQ.aln,0.003421884191650361
ybcJ.aln,0.014958466810550098
ygiF.aln,0.00741798588800686
lipA.aln,0.0021275489041414166
axe16A.aln,0.00453852744181883
dps.aln,0.0033536296783741575
ileS.aln,0.006614947486770163
group_1043.aln,0.006605396635201882
adh_1.aln,0.007673820351553324
eryA~~~lyx_2~~~lyx.aln,0.09833172707843572
holE.aln,0.007502140374214225
aspC.aln,0.005211504112593043
mdpK.aln,0.01578769437979055
menI.aln,0.001929451294899863
group_1550.aln,0.008008007111661337
group_3038.aln,0.006592722549461797
exoX.aln,0.008161447188080359
group_4226.aln,0.013030301369596192
hha.aln,0.003034376432214224
fabD_2.aln,0.03843089911382223
luxA.aln,0.019252392955552904
group_1188.aln,0.006589893127801579
fruA_3~~~fruA_4.aln,0.12269576221054178
nudF.aln,0.0007676067272552066
tdcF.aln,0.010506307585466225
dedD.aln,0.020158951873454612
yohC.aln,0.0037977825796269384
ycfS.aln,0.010118068626844872
tldD_2~~~tldD_1~~~tldD.aln,0.050562840617396736
lptM.aln,0.00265897594926781
bdcR.aln,0.013965331848730913
thiQ.aln,0.006696427236597928
marA.aln,0.013172939542708774
group_4006.aln,0.013875828037029051
rseC.aln,0.003706176291309903
group_2070.aln,0.0058728572734674375
quiC1.aln,0.006403198667119865
group_4120.aln,0.023546825460683686
speC.aln,0.017244221292813798
nfo.aln,0.007089835802120657
argE.aln,0.014804910545171567
rpsR.aln,0.0
ugpA_2.aln,0.00820417945082507
gcvA_2~~~gcvA_6.aln,0.004188312277566209
efeO.aln,0.0036394433073396746
frmR.aln,0.0045882072851631366
group_3912.aln,0.015145295886397084
aroH.aln,0.012983631988935901
group_3920.aln,0.007273138852620634
mscK.aln,0.006087425216424667
ogt.aln,0.00613805702116909
rng_2~~~rng_1~~~rng.aln,0.11523216014800329
ldcA.aln,0.008492260464718843
mtnN.aln,0.0037748167602884445
mlrA.aln,0.018841249218480353
trhP.aln,0.008403078962026798
dipZ.aln,0.012342895873241286
group_2635.aln,0.01458149273801252
group_740.aln,0.00913739073035697
dtd.aln,0.003825929446128315
group_4196.aln,0.07620983288267644
gltC_2.aln,0.0038632031052162584
exuT_1.aln,0.0073862273922933805
purE.aln,0.004452712176542541
glnQ_3.aln,0.016420534574263894
yfdC.aln,0.005936086315568618
group_206.aln,0.011102033725238783
lysA.aln,0.010797259982548756
ttdT_1~~~ttdT_2~~~ttdT.aln,0.05145515054350893
yfkN.aln,0.014552665474442061
cynR_3.aln,0.01174096994488264
ortT.aln,0.0029076797887306206
group_670.aln,0.006064015443508316
rnc.aln,0.002957123892066851
eryD.aln,0.015480147297994478
spoT.aln,0.008449193234208783
wzzE.aln,0.001519210426834177
group_922.aln,0.006917661518221483
group_843.aln,0.01737674536972192
mgsA.aln,0.006093150964463533
brnQ.aln,0.01503712604488253
fepB.aln,0.007467286826777259
ybjI_2~~~ybjI_1~~~ybjI.aln,0.04962315494265633
aaeB_1.aln,0.049219471593954796
group_2051.aln,0.0034242539256100967
clcA_1~~~clcA_2~~~clcA.aln,0.05087838167273633
tam.aln,0.008456665620256603
ecpB_1~~~ecpB.aln,0.024270029465812852
clpV1_2~~~clpV1_1~~~clpV1.aln,0.05794665798942157
phnG.aln,0.004851769066890663
thpA.aln,0.00410799845427977
ybaB.aln,0.0044496295356602055
xylB_1.aln,0.01002209654898788
pucM.aln,0.010504926215568257
pgsA.aln,0.003017069340565116
group_567.aln,0.011369858405710273
galS_1~~~galS_2~~~galS.aln,0.04741513991255809
kdgM.aln,0.018188610934875154
uxaB.aln,0.008769290403695808
pqiB.aln,0.007632063804246325
znuB.aln,0.009605489916196456
murB.aln,0.007477557471670544
rlmB.aln,0.0060770698308865835
decR_1.aln,0.008340837092532678
ybgI.aln,0.005889102765527816
mnmG.aln,0.005935126666913958
ygfF.aln,0.017019038738962357
group_4464.aln,0.016172321440104897
pnbA.aln,0.007195009198030734
tpiA.aln,0.003487742423120345
lhgD.aln,0.011262278154381035
yccS.aln,0.0055330717740058296
mdtD_2~~~ribZ_1.aln,0.13388672818467182
rluF.aln,0.0545743533913838
lpxL_1.aln,0.00915105610782763
group_4410.aln,0.05386465993144399
yhbE.aln,0.0034857392771027902
sapA.aln,0.007630348543698744
smoE_2.aln,0.009140646931149613
comEC.aln,0.07710302647995333
astE_2.aln,0.003798660573905091
fre_1~~~fre_2~~~fre.aln,0.048176053433169407
group_870.aln,0.008658518252570363
ilvH.aln,0.004189666328937819
dgoR_1.aln,0.004835108566938281
puuP.aln,0.007835913302401807
puuC.aln,0.007549013329517143
group_3018.aln,0.003432919836380276
fepC.aln,0.006884973606653691
lamB_4.aln,0.020715497498340382
group_4001.aln,0.02254750232617805
ycaC.aln,0.00524060008043258
maeA_2~~~maeA_1~~~maeA.aln,0.05183790532972325
dszC~~~sfnC.aln,0.013774246554564083
yedE.aln,0.010324180616745593
slyA_2.aln,0.0056033029563080225
group_3244.aln,0.003725729106651825
group_4065.aln,0.01776326424981333
yjiA.aln,0.011035349624622067
nqrB.aln,0.008703199029722183
group_2900.aln,0.004045247350040664
phnT.aln,0.028330370335901564
group_923.aln,0.008855704300150206
group_311.aln,0.004891091420798664
yrbG.aln,0.04726756867048151
uhpC.aln,0.007892728589089909
group_900.aln,0.004941355378151556
puuB_1.aln,0.012818815721915495
hcaR_1~~~cynR_2.aln,0.05381506756142244
rpoN.aln,0.0030208215437917537
nimR_5.aln,0.008040449376495744
group_2261.aln,0.0033051927873866964
murI.aln,0.005877800605779059
ftsK.aln,0.0546907673315022
raiA.aln,0.0009359886942899127
ecpD.aln,0.012174621876589437
group_958.aln,0.008707649711865821
rhaS_7.aln,0.006228983747878835
lpxD_2.aln,0.00203389249047326
group_1914.aln,0.007087982318843923
csrD.aln,0.003585041087830677
degQ.aln,0.006048268887968447
group_1577.aln,0.001503933074711612
pilB.aln,0.0033481889511499377
eutK.aln,0.0087334061476871
uxaC_1~~~uxaC_2~~~uxaC.aln,0.047382371243471416
purD.aln,0.007593869145123219
ilvM.aln,0.0019609933458880928
ydbM.aln,0.01663138777843854
group_517.aln,0.006923850925386123
group_4092.aln,0.004360701122225297
ugpA_2~~~ugpA_1.aln,0.022883714644032122
uxaA.aln,0.0037656325534510694
chiA1.aln,0.050426718126117355
cpoB.aln,0.002478826945041432
cspC.aln,0.0023186319498314394
clsA_2~~~clsA_1~~~clsA.aln,0.04903333156289585
group_2957.aln,0.0008169351578019448
group_1798.aln,0.0026349887704339033
tsaR_1.aln,0.013055606704181223
vsr.aln,0.01802122064151785
trpE.aln,0.003860072508919192
pnoA.aln,0.02870778174317686
cheB~~~citB.aln,0.018732092071125358
hypF.aln,0.013020818809486046
pagP.aln,0.005941226602667283
lpxB.aln,0.0023625978898619503
ybhC.aln,0.004717955664531431
dsbD_2.aln,0.01982814827769376
group_2839.aln,0.0
dppB_1~~~dppB_3.aln,0.012944104181383488
dsbD_1.aln,0.013508706287398115
gudD.aln,0.006744097319105214
ybjM.aln,0.002905982062571415
menH_4~~~menH_1.aln,0.015441755526456935
hldD.aln,0.012963685301399954
glsA2.aln,0.008626349591650123
ureA.aln,0.009117751753469934
miaE.aln,0.01335711437152065
ssuA_1.aln,0.01581095643629317
group_2371.aln,0.008047988849447964
pilQ.aln,0.005907254154225658
basS.aln,0.010926929249031497
hslU_2~~~hslU_1~~~hslU.aln,0.05088015795254541
mdtL.aln,0.003395206686501135
iaaA.aln,0.004485161332478024
group_1612.aln,0.007239744312457796
hisC_2.aln,0.013895965191831566
bsmA.aln,0.009722602687802229
ribC.aln,0.004628904164889323
group_1121.aln,0.007412936234502801
ybiS.aln,0.0017616271230101689
steT.aln,0.009031879397876622
yihG.aln,0.004996045429070512
betI_1.aln,0.00848578669306069
glaH.aln,0.004909381535457067
garL.aln,0.010484061568820218
group_631.aln,0.014433993291301043
asnA.aln,0.002795936481178888
ptsG.aln,0.0029754182518907423
rdgB.aln,0.01324632934798357
ftsI_1~~~ftsI_2.aln,0.00436495320058928
rluE.aln,0.008901879822665716
fhuB.aln,0.00862689119166044
tolR.aln,0.0023762292126112993
pcaK_2.aln,0.008979356795501431
eamB.aln,0.00980528376729107
pdeB_2~~~pdeB~~~pdeB_1.aln,0.10670422053207715
yiaC.aln,0.011448950057907697
btuF_2.aln,0.052163877842141645
ynbE.aln,0.006808307584435622
pcaR_3.aln,0.010703441369471604
paeA.aln,0.004056931489030603
glpF_2~~~glpF_3.aln,0.04575429173251541
cobU.aln,0.009254247475596762
potA_2.aln,0.006660474917643378
lacY.aln,0.003718090738224612
phnX.aln,0.024412002991560055
dtnK.aln,0.02113508442157098
xylC.aln,0.008481077253836865
ygcS.aln,0.00864744230145701
lrp_3.aln,0.004620159525833499
puuA.aln,0.006001154501150426
yheS_3~~~ettA_2.aln,0.014859418212330399
hpcC.aln,0.01690203519100508
group_4367.aln,0.07850381691765398
lplA.aln,0.00890070887356
oprJ~~~arpC~~~opmQ.aln,0.05284173750815975
apaG.aln,0.003436351231330613
group_4364.aln,0.07086927083890111
nfuA.aln,0.004143738951407294
ribX_2.aln,0.01329612604449742
aroC_2~~~aroC_1~~~aroC.aln,0.12104895227049665
ispH.aln,0.005751824442100046
gpdQ.aln,0.06384177692652145
lrhA_2~~~lrhA_1.aln,0.06811147904214955
sutR_2.aln,0.00426302313224944
dacA.aln,0.0044522883022801475
dgcP.aln,0.00807669953842552
yjjP.aln,0.02369715667407101
purC.aln,0.0014171884684569412
mtnK.aln,0.012296765865055476
yiaA.aln,0.0012672329740669823
lgoT_1~~~lgoT_2.aln,0.050084947368285074
group_4123.aln,0.0074130767323900126
phnL.aln,0.007303132443760318
glnP_1.aln,0.007375209403226253
ureD.aln,0.01053151301783402
chbC_2~~~chbC_1~~~chbC.aln,0.049612524348291845
malP_2.aln,0.007659889378289761
yajQ.aln,0.002883486296473641
ibpB_2.aln,0.00668393416885732
msrC.aln,0.003280733771092361
msuD_1.aln,0.014664632806033572
lldR_1.aln,0.002783363072367179
infB.aln,0.0024773626100249154
group_3948.aln,0.009072334244125395
ddc.aln,0.004843363535035045
yecD.aln,0.007701908311807639
ygiC.aln,0.0036327639841751765
serA.aln,0.0050078469443159985
rhaR_1.aln,0.028895404578285454
prfB.aln,0.006100417475981324
purR_3~~~cytR_3~~~cytR_1.aln,0.02075376129997289
potB.aln,0.0048416292256286885
pgm.aln,0.004661323885047479
dppA_3~~~dppA_2~~~dppA_1.aln,0.05143916770725332
thiM.aln,0.018092719218224394
tusE.aln,0.008117262511309061
group_4083.aln,0.032991495699241265
group_4031.aln,0.220459670720446
stpA.aln,0.00741990899356003
ycjG.aln,0.008031028130126672
clcD.aln,0.08826142633809603
group_4228.aln,0.002127156466196859
qseD~~~yjiE~~~yjiE_2.aln,0.09148206737777383
group_1333.aln,0.006032571279118034
kdsA.aln,0.0033163363057246583
dsbE.aln,0.014006200081515095
fimH.aln,0.00667479015554913
truC.aln,0.004541378545981342
group_4132.aln,0.006262433630826932
rpmG.aln,0.00520447730153684
tgt.aln,0.0036041905605439226
yccJ.aln,0.00544248837419679
group_1946.aln,0.005446111674369596
ugpE.aln,0.00967378465323769
mqnC~~~thiH.aln,0.007834202103805974
group_771.aln,0.012504606979354503
yhfA.aln,0.0035366208179619394
pcaG.aln,0.00899038466576745
roxA_1.aln,0.0052182619447829525
mdtD_1~~~stp_1~~~stp.aln,0.06377736059143543
dsdA_1~~~dsdA_2~~~dsdA.aln,0.05736388190370765
group_3996.aln,0.013708297204434082
ybiW.aln,0.011125335914163552
araE_2~~~araE_1~~~araE.aln,0.050750812040120906
uppS.aln,0.0048576619564988585
elaA.aln,0.006947979227563021
group_1152.aln,0.0057632361030478555
hpxO.aln,0.007746303412476362
oprM_1~~~oprM_2.aln,0.053037622118432284
rph.aln,0.002920567767299263
hmp.aln,0.005056745638260711
rhlB.aln,0.011811792476473121
aspS.aln,0.0064822559893747585
group_1486.aln,0.00555801132401503
group_4063.aln,0.007382935940737434
group_4231.aln,0.04205394348058861
group_4163.aln,0.005082874495033477
agaC.aln,0.010226653523929954
recO.aln,0.007107517081524466
group_4302.aln,0.056871782406829094
yidA.aln,0.003804667489412933
fkpB.aln,0.0013977431168062694
yihI.aln,0.003963062864812896
ppc.aln,0.00792625937888415
ppnN_1~~~ppnN_2~~~ppnN.aln,0.05026857645713183
ubiA_1~~~ubiA_2~~~ubiA.aln,0.05720199918336019
rhaS_5~~~rhaR_2.aln,0.00541136395546337
pstB.aln,0.0028185415663891096
group_2299.aln,0.006948551131376314
pstC.aln,0.007362166010643736
nudJ.aln,0.010937724631917493
ufaA1.aln,0.027532825056524678
yejB.aln,0.009494022374977618
rplX.aln,0.0
lgdh_2.aln,0.01854539541675451
group_3125.aln,0.0
pduH.aln,0.005677591085570448
thiC_2~~~thiC_1~~~thiC.aln,0.08811107647755802
etpD.aln,0.009077616106772855
nrtC~~~uup_3.aln,0.05837626002017019
group_2974.aln,0.008962410694440691
group_2958.aln,0.005410085235867752
dpaL.aln,0.008160217662002133
group_1551.aln,0.002313036037137132
lamB_2~~~lamB_3~~~lamB_1.aln,0.055586497165914246
ydfK_3.aln,0.0026571573585829535
carA_2.aln,0.010523101837421838
group_3093.aln,0.006471234856452643
lipL.aln,0.02390249981805894
citX.aln,0.009926730175585345
catM_2.aln,0.014722981814723987
sdhE.aln,0.0007170190335495032
gloB.aln,0.006086794777820422
bssS.aln,0.0029032096723243597
eutC_1.aln,0.015055052764134621
pyrH.aln,0.0030774302657101084
cbpM.aln,0.005166135333289008
pepA.aln,0.006436031896667701
htrE_1~~~yraJ_2~~~htrE.aln,0.0501845263906706
licC_2.aln,0.006727978537003756
admX.aln,0.02442986054175312
kgtP_1~~~kgtP_2.aln,0.04859313793346444
dan.aln,0.012885011991367889
rhaS_1~~~rhaS_7.aln,0.033794947288212404
nupX.aln,0.013079738042393917
nqrC.aln,0.006390271750006179
gdhA_1.aln,0.004727554417973111
rhtC_1.aln,0.006043619768593373
crgA_2.aln,0.011903795862055859
ulaE.aln,0.012681769333171196
yibN.aln,0.0013294727913730371
glmS_1.aln,0.0076816784758646775
group_4359.aln,0.08800988497576104
ssuA_2.aln,0.00666868889332795
tmaR.aln,0.001265791105828423
phnK.aln,0.00988093680702596
speB.aln,0.006521333893777147
pheS.aln,0.0015277810866067176
pheA.aln,0.0025357569968255007
yagG_2.aln,0.04710187340321012
group_3403.aln,0.008924191071556923
trpS2.aln,0.01808374850892647
soxS.aln,0.0048727425530277185
cdaR_2.aln,0.005465503902518554
ung.aln,0.005764718616660297
kefC_1.aln,0.010288720996625086
rplR.aln,0.0
cusB.aln,0.03561327039541217
rnb.aln,0.007175742201732185
blc_2.aln,0.020306472401578214
recG_2~~~recG_1~~~recG.aln,0.05479274935949633
rhtC_3.aln,0.009870331539625434
group_2369.aln,0.00407746171674652
hslJ.aln,0.009694907668172338
trkH.aln,0.004423771929055397
fdoG_1.aln,0.008827192298644832
uspA.aln,0.0008741738902178874
mltD.aln,0.00947840540002252
dld.aln,0.010062852105014813
mepS_2.aln,0.0048177815855141365
group_1289.aln,0.002810721479812339
fdnG_1.aln,0.009645357018266666
psd.aln,0.004330663512081933
group_4010.aln,0.01100850317004234
group_3359.aln,0.006342049728765196
fadR.aln,0.005732626195679216
ruvC.aln,0.004013252398397987
hdfR_4~~~hdfR_3.aln,0.023825943702718497
pcaI.aln,0.007724361877801576
nadB.aln,0.01931609733469781
licH_1.aln,0.009681248463452988
group_1026.aln,0.009729424269855054
ccmH.aln,0.04489527254880398
sdhD.aln,0.0061489964296431695
pgaC_2~~~pgaC_1~~~pgaC.aln,0.04637430919355144
anmK.aln,0.01347531168556871
rffH_1.aln,0.0059404825447755705
pgtP.aln,0.07015025737243005
yjjG.aln,0.014749823580460826
pgpC.aln,0.003189582319294091
ampG.aln,0.011008506881517612
potC.aln,0.0018637747913645437
ptxR_2~~~ptxR_1.aln,0.007935810156111502
ascG_3.aln,0.0051355038816125855
group_1271.aln,0.014557643223630125
ribY.aln,0.0991393712724959
helD.aln,0.0041125054871508
ssb1.aln,0.003639587025403342
group_1763.aln,0.002870993253610288
pulJ.aln,0.01678439434350016
pdxK.aln,0.005226811758937491
dacB_2~~~dacB_1~~~dacB.aln,0.05077184660248205
pabA.aln,0.011362469922030894
leuB.aln,0.003009634015527399
group_3959.aln,0.0280873774363782
yceB.aln,0.005307800918540129
rutC_1.aln,0.006567040491808447
rplF.aln,0.0003585095167747516
group_3290.aln,0.0
group_2276.aln,0.009329698445572101
glpT_1.aln,0.007346918272944953
dhaL.aln,0.003957804805775896
ygbE.aln,0.001170911816255152
group_1282.aln,0.018668275482935894
leuS_1~~~leuS_2~~~leuS.aln,0.04820572389948546
pyrG_2.aln,0.0021724823048723165
yehX.aln,0.010816596053409554
rsmA_2~~~rsmA_1~~~rsmA.aln,0.04744721548118566
group_2272.aln,0.005056075981128348
yaeQ.aln,0.010687113791680976
mdtA_3.aln,0.008948027697269179
ilvN.aln,0.0062669341968128464
group_3899.aln,0.01708501669932457
fis.aln,0.0
bglJ.aln,0.04827124442206078
argB.aln,0.022255683205046874
greB.aln,0.040531768996430066
asnC.aln,0.0037995879123748737
gabD_1.aln,0.006053941607586373
glnQ_5~~~glnQ_4.aln,0.0918867207858078
pmrD.aln,0.021407648794496994
bioP.aln,0.004368108926102957
hpf_1.aln,0.005319216334575938
modB.aln,0.008560124122272264
yedJ.aln,0.002008458876789075
yqjI.aln,0.013319733662103362
sxy.aln,0.005196231088343237
iolE_1.aln,0.016063296246452776
metI_3.aln,0.014548980228931193
csdE.aln,0.0039239276638615645
kdpA.aln,0.0112186033473353
pxpB.aln,0.010928140752660806
pyrG_1.aln,0.021947363185714813
adk.aln,0.006005374072011648
sstT.aln,0.003804518197521612
ubiV.aln,0.009059694613128083
kefG.aln,0.06398503290643028
hdfR_2.aln,0.02079234819206214
wzxE.aln,0.008506503647269618
group_3073.aln,0.003918021952162329
sotB_2.aln,0.015604708689209434
mdrA.aln,0.0036245741693650604
yfhL.aln,0.006609146659025063
yciN.aln,0.002767382401574783
mhpD.aln,0.009641594572320404
gudX.aln,0.005427531736504985
clpX.aln,0.003768414042762053
group_1852.aln,0.012633083835888253
trmD.aln,0.0019861179888663746
minE.aln,0.0011647859306718913
ggt.aln,0.02288673168808092
licC_7~~~licC_6~~~licC_1.aln,0.05540395562704139
tilS.aln,0.004082013333122056
yceD_1.aln,0.000733502229723055
agp_1~~~agp_2.aln,0.14896053222539793
silA.aln,0.025583520779402628
dmsA_4~~~dmsA_3~~~dmsA_2.aln,0.05117582905076363
acuR.aln,0.007821248314662075
ssuC_2.aln,0.0036931983772482894
cspA.aln,0.0
group_1669.aln,0.002963130822918528
oppC.aln,0.008522812747608704
ubiE.aln,0.0064914899689329664
cycA_2.aln,0.005493989971905145
pduX.aln,0.01288710775067074
treA.aln,0.012685329697647912
priA.aln,0.005283620935190948
group_4304.aln,0.05634969193938096
emrA_2~~~emrA_3~~~emrA_1.aln,0.04699620226883797
kdsC.aln,0.0042627870244046125
gcvA_3~~~gcvA_1.aln,0.015439594140915981
prfA.aln,0.005686599655509384
proXpy.aln,0.0063620644990344645
leuA_1.aln,0.003979658388547056
ppiA.aln,0.005377756537825928
ackA.aln,0.00337573272108079
fabG_8~~~fabG_2~~~fabG_9.aln,0.01485914069608656
mngA.aln,0.011454464277483933
cmoJ.aln,0.029206207638614787
yeiG.aln,0.002960917850523998
chbF~~~chbF_2.aln,0.042019387478518154
lhpD_1~~~lhpD_2~~~lhpD.aln,0.06558739419854917
amiA.aln,0.004881402127427547
nlpI.aln,0.0008365180411782053
group_2581.aln,0.0024601671979531917
proB.aln,0.010701016806400739
wecH.aln,0.004985695879201686
phrB.aln,0.011128046638914705
hexR_1.aln,0.00694675661766256
kdsB.aln,0.007708665653315031
ygdR_4.aln,0.0
folK.aln,0.008498599099034075
relB.aln,0.00434078464084001
ycdZ.aln,0.00504223573850638
group_1256.aln,0.005384232551869261
nusB.aln,0.0009764674244962119
pgl_2.aln,0.007191416880648745
yejG.aln,0.007206570632700339
thrA.aln,0.003172156588257848
group_4004.aln,0.01975785733255603
aaaT.aln,0.18071863898405727
group_4091.aln,0.013052864808248875
group_4022.aln,0.009130434799453338
cysA_2~~~btuD_1.aln,0.05816329817370592
rsmD.aln,0.0017852533812661748
dtpC.aln,0.009243766473128105
iutA_2~~~iutA_1.aln,0.05343318030643248
rbsC_5.aln,0.011239166555139294
yfiH.aln,0.0161098560762135
ydfK_1.aln,0.00615306941235248
paaH.aln,0.022126181483398483
yohK_2.aln,0.005279578821520116
pcnB.aln,0.006210003295089386
group_98.aln,0.012228976548138568
nudK_2.aln,0.003937450676158675
group_4173.aln,0.009260305415801301
sufC.aln,0.009400394930681667
group_3962.aln,0.01660221414569952
rhaT.aln,0.005251536848811292
ybhR_1~~~ybhR_2.aln,0.26277047146279076
group_2841.aln,0.002641592292412293
yciU.aln,0.0024284997295333723
atoB_3~~~atoB_2.aln,0.05063815714142362
cobD_2.aln,0.007338446887934442
garD.aln,0.0036636405660297137
group_3463.aln,0.0
idi.aln,0.003967485839269143
yhhW.aln,0.005514732455283562
aztC.aln,0.007119440182027859
purF~~~purF_2~~~purF_1.aln,0.07579389875111579
group_3939.aln,0.013678926860808637
gltI.aln,0.004681479072699224
bamD.aln,0.0040904559499014385
rbsC_1.aln,0.0043214564896287885
ydbD~~~CatBsu.aln,0.05442425873574377
nrdH.aln,0.0012784235824447588
fimG.aln,0.0037324601250619035
nagC_1.aln,0.004957567461840722
mcbA.aln,0.020336051170957735
group_2732.aln,0.011349568015280493
murJ.aln,0.005949621859242156
hemS.aln,0.007466691098975883
paaE.aln,0.017851818387277896
accC_2~~~accC_1~~~accC.aln,0.05852152715660698
nfdA_1.aln,0.0075306223584499805
rlmA.aln,0.006286928077177223
catC.aln,0.006867432893974478
melB.aln,0.011656042351253058
uvrC.aln,0.0016080031142794323
yqjD.aln,0.0
group_2252.aln,0.005773793832782147
envZ.aln,0.005938810207892372
potF.aln,0.00408827972551255
metC_3.aln,0.005399547898204913
aaeR_3~~~aaeR_4~~~aaeR_1.aln,0.049237878849067565
group_4396.aln,0.02625615106181512
ftnA_2.aln,0.0039284960015166384
letA.aln,0.006046518642704479
yehW.aln,0.01609568071539242
tyrA.aln,0.007899111744148727
tssK1_1.aln,0.008992811440391537
chaC.aln,0.0022287941992913127
group_4655.aln,0.2711108294936506
dhaK_3~~~dhaK_2~~~dhaK_1.aln,0.05664689695889869
uvrD.aln,0.019525793757323946
group_1698.aln,0.002469134695953502
xanP_1.aln,0.006772121673615044
phoH.aln,0.0041600775780098395
eno.aln,0.001579839086763668
group_4054.aln,0.06979432622835995
zapE_2.aln,0.007264776670478675
group_2803.aln,0.0007012603734714921
yhjX.aln,0.00259363863145948
qseB.aln,0.0024894232339516625
livF_2.aln,0.004678286077132645
gpr.aln,0.016383045742645166
zntB_1~~~zntB_2~~~zntB.aln,0.048572992765678974
yjfF.aln,0.014139144896239492
lysO_2~~~lysO.aln,0.029852340749801868
btuD_2~~~potA_3.aln,0.021480987649166557
group_1295.aln,0.0056207425512752665
aspT_2.aln,0.019133782376508722
ptrB_1~~~ptrB_2~~~ptrB.aln,0.0482793531692898
glnD_2~~~glnD_1~~~glnD.aln,0.04982558105971775
kdgK_2.aln,0.004913860743175673
melA.aln,0.011120282078834195
tehB.aln,0.00976634876106145
tdcB.aln,0.007374686271663801
thyA.aln,0.004498438066784026
icaB.aln,0.053375155805829196
lpxA.aln,0.00486407108923517
miaA.aln,0.0015120074437863572
group_4613.aln,0.016323812150772776
deoC.aln,0.004449632306241128
cho_1~~~cho_2~~~cho.aln,0.05323130682000962
ppa_1.aln,0.002718378272250842
csgD.aln,0.004544722310513422
ybfF.aln,0.004945480337222075
outF.aln,0.007177742436104688
gntR_1.aln,0.007251852370406455
group_706.aln,0.003436432352051864
menF.aln,0.009843250402041629
group_861.aln,0.012812097202602834
ymdB.aln,0.006389547811620629
frdD.aln,0.024360355800823127
group_1221.aln,0.00847409629621505
group_4375.aln,0.017067726713434237
hxpB_1.aln,0.004885912688192499
yrdA.aln,0.009575888191299217
thiL_1~~~thiL_2~~~thiL.aln,0.12900669030516804
fbaA.aln,0.0064892801224526175
rsuA.aln,0.0036167552925622753
group_957.aln,0.014714125829786142
tcyL_2.aln,0.02014212408389646
clpP.aln,0.0021376514959802213
group_3208.aln,0.00496219057702429
fnr.aln,0.004439726117219435
ulaR.aln,0.006460124387616181
potG.aln,0.005810291686600594
hisC_2~~~norG_2.aln,0.25671154729387136
ybhS.aln,0.005683881480895259
tatA.aln,0.0007596987379274498
panD.aln,0.0025838544991117086
argP_2.aln,0.006962894249332184
ydcV.aln,0.007455321192509635
atpD_1~~~atpD_2~~~atpD.aln,0.04589107276394046
group_3092.aln,0.0017483477804357747
sufD.aln,0.007002810400064152
group_2876.aln,0.00518832579468205
alsC.aln,0.007569530182847582
ygfZ.aln,0.006193748405342334
ygdR_1.aln,0.010364018905890239
mtlD.aln,0.008248840665118964
nei.aln,0.00995584249324602
mobB.aln,0.0053505065666432415
group_4547.aln,0.023330997048561997
recF.aln,0.014738959419059124
purT.aln,0.011583673914122995
yncA~~~pat_1.aln,0.20852516169709626
dbpA.aln,0.006912745338411682
mog.aln,0.006833577289089611
plsB.aln,0.011311463387306734
group_4074.aln,0.013197423015348882
trpGD.aln,0.008759875958313384
katE_2~~~katE_1~~~katE.aln,0.2200190617630364
ybiR.aln,0.007001469332321118
tufA_1.aln,0.0026754269188827115
ndk.aln,0.0016143064009186234
ansP2.aln,0.00343085483240105
spy.aln,0.0037017708414375365
group_455.aln,0.009583923082065954
dmlA.aln,0.02668190433914943
ettA.aln,0.0035726964216111915
fiu.aln,0.0059313326247217735
pyrC.aln,0.0075402060282248025
group_709.aln,0.00684425822162462
nadE.aln,0.003992202800399089
argG.aln,0.004277066043098452
group_162.aln,0.004965435448660155
rpoD_1~~~rpoD_2~~~rpoD.aln,0.04792062897727365
catA.aln,0.0067436708017918
thiF.aln,0.005419318871716232
ybdL.aln,0.014584570099431256
yeaR_1.aln,0.010369935154488375
aaeA_2.aln,0.004735908129840477
rsbW.aln,0.2570959431170988
nrdF.aln,0.004267516665263886
tsaE.aln,0.0015094813099498817
group_2860.aln,0.0038040191291330663
mak_2.aln,0.00428841963752884
bcsG_1~~~bcsG_2~~~bcsG.aln,0.05225204579874869
cbiM.aln,0.007714752579155347
group_3483.aln,0.0
hslV.aln,0.0016637609167412264
ygdG.aln,0.012670388478598476
sapC.aln,0.009062097194681606
group_1074.aln,0.0029382630634044275
group_4229.aln,0.010097909171847663
dsbC_1~~~dsbC_2.aln,0.054805532771227315
rplY.aln,0.003843436638662751
speA.aln,0.0057856199319691335
group_4131.aln,0.017145174718233555
rhaS_6.aln,0.02999131135946897
cyaA_1~~~cyaA_2~~~cyaA.aln,0.04935596837469945
rimL.aln,0.010336691063446786
tusD.aln,0.0013073288972587286
eptB.aln,0.004032230371694177
group_4146.aln,0.012359146859913234
atpH.aln,0.007518903401052863
group_1639.aln,0.005037990462602252
surE_2.aln,0.008290200066045708
nuoL.aln,0.002337072596584186
yeaX_2~~~yeaX_1.aln,0.032113996388790124
kbl_1~~~kbl_2~~~kbl.aln,0.04896629152694407
dhaR.aln,0.009315886093984654
yacG.aln,0.0034078381469482824
glpX.aln,0.006331473610446545
lamB_3.aln,0.0034276186526154624
syd.aln,0.003975903810127775
hipO_4.aln,0.014300990432194769
yajO_2~~~yajO_3~~~yajO_1.aln,0.05293740392731512
mlaE.aln,0.0023593366314978003
chbA_5.aln,0.005469892512734803
nepI_3.aln,0.02665529824838123
btsS.aln,0.01079636698942683
bcsQ_1.aln,0.005721573110743656
dcm_2~~~dcm_1~~~dcm.aln,0.04946231825678942
yeaD.aln,0.0043084730617035305
mppA_1~~~mppA_2~~~mppA.aln,0.0522849392460438
group_4424.aln,0.01704228376964166
nagR.aln,0.007898119044596736
lpsL.aln,0.03276026521036015
fluC.aln,0.007995630155870239
sapD.aln,0.005943594076757656
ybaN.aln,0.0010129316505699331
arnB.aln,0.012264298387589915
dhaB_1~~~dhaB_2~~~dhaB.aln,0.049476713156820874
hinT.aln,0.001072515865309341
eutB_3~~~eutB_2~~~eutB_1.aln,0.05759665082128927
group_1473.aln,0.008488358269113662
hmuV.aln,0.010190516088209301
metI_1.aln,0.007983469667747059
group_2566.aln,0.003693022151760847
yegS.aln,0.014486123145034361
ndh.aln,0.0053515731226124645
dsbG.aln,0.061280915798559855
yfiR.aln,0.0017054919085883076
ssuE.aln,0.008351673592167411
phnR.aln,0.01490234956054242
topB_2~~~topB_1~~~topB.aln,0.05048636691725246
ompW.aln,0.005856457969858265
gcvR.aln,0.007218067163146164
pdeF.aln,0.006278058599964558
vldW_3~~~vldW_2.aln,0.02671368713542817
licR.aln,0.012065955554756246
group_1037.aln,0.00547664873962459
tonB.aln,0.0102337553898005
group_2822.aln,0.006491349342274182
group_915.aln,0.005758749847282185
galM.aln,0.010674549094947748
mntB_5.aln,0.0049215290978630866
lptE.aln,0.0010770121290944379
group_1547.aln,0.013618808644263554
atsA.aln,0.009902973045778578
iprA_1.aln,0.023868212574535877
proQ.aln,0.0022284164527330407
pduB.aln,0.014828999097317216
cydD.aln,0.005314861442456542
eutR.aln,0.007542820380322244
ydcY.aln,0.00711896745197042
yobA.aln,0.006532859195412411
grpE.aln,0.008538233398096314
trpC.aln,0.007354690748227652
lsrR.aln,0.02498362547812476
aegA_4.aln,0.01171926922935361
manA.aln,0.007390739166131595
rsmC.aln,0.005991475838737482
dadA_2.aln,0.005878144697977601
rimP.aln,0.014282767057797454
nuoN.aln,0.009915494711201248
ptsP.aln,0.0032788020737423793
ybiB_2~~~ybiB_1~~~ybiB.aln,0.09384189992530857
nagE.aln,0.003968244990535616
dauA_1~~~dauA_2~~~dauA_3.aln,0.04792595773094622
rpoZ.aln,0.0
group_252.aln,0.02039106488823414
fabB.aln,0.0037852507189414164
livH_3.aln,0.005554662071541221
nepI_2.aln,0.008318743877220706
group_4067.aln,0.12840297376862592
gabR_3~~~gabR_1.aln,0.006499837517929092
group_924.aln,0.01812309014522846
thrP.aln,0.00733702950165196
rutF.aln,0.008373434799058964
ilvB_1~~~ilvB_2~~~ilvB.aln,0.051840743835575125
gltS.aln,0.0033928071399991493
gldA.aln,0.004087419236785251
tcyJ_4.aln,0.005626980889216651
zraR.aln,0.027034811250032972
yehY.aln,0.014373872448193792
dinI_1~~~dinI.aln,0.012216469162851155
paaX.aln,0.014686264954700755
yidG.aln,0.005528605852752084
ada_1.aln,0.008631719005850412
mamB.aln,0.010317563512349063
group_4675.aln,0.03177045997068638
otsA.aln,0.006121444699093216
cra.aln,0.004511369680307929
queE.aln,0.0036637466488514112
bauC.aln,0.01332233750200378
cysD.aln,0.009565040094970343
group_2350.aln,0.013259354963953116
lptB_1.aln,0.007415129621800023
rlmC.aln,0.007328566763023198
alkB.aln,0.007869687337842988
group_851.aln,0.0197898250909254
group_1446.aln,0.004555791464457991
sufA.aln,0.015470219067438723
glyS.aln,0.006236885934335564
ydcS.aln,0.0037365555816037312
mntH.aln,0.01052805140872279
csbX_2~~~csbX_3.aln,0.05247136326824987
group_967.aln,0.005847826529392768
oppA_3~~~oppA_2.aln,0.08994128683018844
group_1528.aln,0.003859503786971199
oppA_2~~~oppA_1.aln,0.05894135652359203
digH.aln,0.012469469577053319
hemA.aln,0.00399718326553841
ccmA.aln,0.009650933649372239
mnaT.aln,0.005081943777400656
yybH.aln,0.011433703948956285
ydiM_2~~~ydiM_1~~~ydiM.aln,0.06530747043321716
fpr.aln,0.010831765910846074
group_2743.aln,0.014339912400369467
pgaB.aln,0.008997800284447141
sufE.aln,0.002052691895953555
paaI.aln,0.012986541537328554
phnV_1~~~phnV_2~~~phnV.aln,0.15579130336958563
pcaR_1.aln,0.006454733591878295
gcvH.aln,0.005377063755200297
phnJ.aln,0.003914700119109747
ybdM.aln,0.00412143177821625
madA.aln,0.004274898118289749
iolG_2~~~iolG_1.aln,0.09500175493764733
group_2191.aln,0.00392203733495469
mpl.aln,0.0051393920257314036
xthA.aln,0.0029363702639361305
group_1529.aln,0.00778639553290346
ycjX.aln,0.009074427801388351
aroA.aln,0.004202602554831903
bfr.aln,0.0029127742767897677
upp.aln,0.005057241930212993
mltA.aln,0.007166999913998758
glnS.aln,0.005779886970271182
mpaA.aln,0.007579702803051147
ddpA_1.aln,0.01336429038465119
group_1196.aln,0.0073192940374279996
group_4064.aln,0.06662233071697311
modA.aln,0.006535584586589523
cdiB.aln,0.006825796273748591
uvrA.aln,0.007011245746962823
rbsK_1.aln,0.009548450278848401
fruR.aln,0.008309294604395502
bisC.aln,0.005255893770926412
scmP_2.aln,0.01895239793393114
group_4283.aln,0.01077914021183903
hcr.aln,0.004219024373408838
appA.aln,0.016740842181294423
focA.aln,0.0015324836360339539
cds1_1~~~cds1_2.aln,0.014679119454702357
galC.aln,0.010118086914517238
group_2050.aln,0.006765306640311238
garK_1.aln,0.011364670244835775
yqjA.aln,0.0018068616109668204
mdtD_1~~~hsrA_1.aln,0.0538908329072873
group_388.aln,0.012048430397049016
rsxE.aln,0.005107562848553785
uhpB.aln,0.006952357476832003
dmlR_2.aln,0.005671499063194675
ipdC.aln,0.0043646775619811135
secA_1~~~secA_2~~~secA.aln,0.08512844357846056
argU.aln,0.015176041511286726
group_4167.aln,0.0986139509630284
xylB_4~~~xylB_5~~~xylB_3.aln,0.051170901610290066
araB_2.aln,0.01040534173784323
bamA_1.aln,0.009207560957598528
group_2200.aln,0.011856331183394957
ispD.aln,0.008862044395824907
ytfJ.aln,0.006907644297336473
bioD1_1~~~bioD1_2.aln,0.0484172616458871
fldA.aln,0.004730487798715052
group_4081.aln,0.05665743540376735
aat.aln,0.0054577176663716765
rlmF.aln,0.00713184329886325
lspA.aln,0.0039018183474491936
malZ.aln,0.006660611879952415
dusA.aln,0.01469102347459681
ywrO.aln,0.005397104774478677
ppsC.aln,0.007956584045403487
astA_2.aln,0.008492964748633461
livH_4.aln,0.004558738483185249
paaD_1~~~paaD_2~~~paaD.aln,0.062554270698181
lplT.aln,0.004334817100996333
yjjX.aln,0.02459433901450482
rpmE.aln,0.0
bluF_2.aln,0.005836670872740709
group_308.aln,0.005452567432783521
arnT.aln,0.00868881028444006
scrK.aln,0.007267832856137159
purR_2.aln,0.010037336120819512
rhtA.aln,0.007608347457582196
ydjZ.aln,0.010448284069014623
pcaH.aln,0.007003851699846036
ytfR_3~~~ytfR_2~~~ytfR_1.aln,0.09377060090885213
alaC.aln,0.004885681367316317
paaZ.aln,0.016175696100181627
rlmE.aln,0.0003038794951709799
glgA.aln,0.005934208164123576
dtpB.aln,0.005390163089994182
group_655.aln,0.008089190915006692
srlB_2.aln,0.0027351211920212956
add.aln,0.0064547809868031976
group_1599.aln,0.007694553780089182
group_3934.aln,0.04972603899049276
ftsP.aln,0.004419335517945304
group_1683.aln,0.003362254461918797
yajO_5.aln,0.021932972846383285
group_3979.aln,0.09487336733068812
csdA.aln,0.010200365931371436
bcsA.aln,0.006049434768693493
tig.aln,0.0012023201217951586
dcuC.aln,0.00655775539685484
celA_1.aln,0.0012512685095275643
ribD.aln,0.007118833097787694
rhaS_5~~~rhaS_3.aln,0.08619814239469958
group_2428.aln,0.004210126687572568
group_781.aln,0.015073986403189391
yejA.aln,0.007969701907747219
wecB.aln,0.006461323371382924
bluR.aln,0.005731487118764236
slyB.aln,0.0025402657861957256
dmlR_1.aln,0.011636988624395815
entA.aln,0.02151965818805691
rplW.aln,0.0
folX.aln,0.004426048196856539
sthA.aln,0.002006696798569153
rsmI.aln,0.005666384914527367
pgtB_2~~~pgtB.aln,0.025559453516264936
mtnE.aln,0.0382837956825552
cynR_4.aln,0.01020770321437397
rhmT.aln,0.004731336352770377
hipO_1.aln,0.017306082949414832
group_3970.aln,0.007469656809176437
apt.aln,0.006568870971373362
aaeX.aln,0.0015416284376539738
mnmA.aln,0.004541517126897416
pqqD.aln,0.004947270501424075
ydgJ_2.aln,0.027258931301112267
yjeH.aln,0.005526775358276001
ptsO.aln,0.0
priC.aln,0.007626217733816118
sufB.aln,0.006492022789311742
ftsW.aln,0.0025220140967450594
gshB.aln,0.0038020405143841998
pcm.aln,0.001822090034344403
xanP_2.aln,0.005144391512063096
gltP.aln,0.004136042459178082
cpxR.aln,0.0020295783374320907
emrD.aln,0.007621050699322151
lgdh_1.aln,0.013717100780333509
gltC_3~~~gltC_1.aln,0.04461195060280353
ahpC_2.aln,0.00829711224507989
yfhA~~~btuC_2~~~feuC.aln,0.05672151037902647
eutA.aln,0.018949032691714586
group_87.aln,0.00724934058253228
thiB.aln,0.008505213185088196
gltA_2.aln,0.006564588413290593
bglH_2~~~bglH_3.aln,0.07309058698866307
mtnA.aln,0.0071565393889087905
lptB_2.aln,0.023976168185921604
yebZ.aln,0.009066335066955724
group_2197.aln,0.0058051789116615
group_4093.aln,0.007137072742585039
rplS.aln,0.0
gsiC_3.aln,0.00655940516175279
orn.aln,0.0063825514654897875
group_1000.aln,0.007220056439749279
mlaB.aln,0.012045234883316646
yhjE_1~~~yhjE_2~~~yhjE.aln,0.05200724855037956
oppF_2.aln,0.00398990866664053
ligB_1~~~ligB_2~~~ligB.aln,0.09568272152129659
hdfR_1.aln,0.003292147239058678
group_4038.aln,0.038612724298768164
chcC2_2.aln,0.01515166172252035
zntA.aln,0.00965544687781901
ddpD.aln,0.013450002349344091
group_4572.aln,0.07471764577027583
tolC.aln,0.023856859990962466
yesR.aln,0.005045021394678388
eutG.aln,0.008239521362223437
yhdT.aln,0.0
sodB.aln,0.018563660476370324
yfcA.aln,0.006046899083748711
gnd.aln,0.07493794240330932
phoC_2~~~phoC_1~~~phoC.aln,0.0484479876309751
queC.aln,0.005311134089594665
rpsH.aln,0.0
rnhA.aln,0.004345793392436854
group_3274.aln,0.001747757921459399
aas.aln,0.005348289884316309
group_2184.aln,0.0017626630153397898
rsxG.aln,0.0033437777618935574
rnk.aln,0.003650405508355605
group_2650.aln,0.001653386546533098
malG.aln,0.008399582370573054
ycaD_2.aln,0.007504405524100718
uidB.aln,0.014160058312430114
hisQ_2.aln,0.008302344780341938
group_4218.aln,0.014424155527537971
rof.aln,0.0
nemA.aln,0.003788607665793783
group_1375.aln,0.005252354111932465
ybdK.aln,0.009709768243063585
nikA_2~~~nikA_1~~~nikA.aln,0.050397339693685796
nikE.aln,0.018039010786378096
trmO.aln,0.005783151798426966
pocR.aln,0.004672131688565734
maa.aln,0.004324979731336819
gyrA.aln,0.00756553737493477
group_2564.aln,0.017946148052353474
sacP_1.aln,0.0056426215236295785
yidZ_2~~~nodD2_1.aln,0.061372563498752926
glpC.aln,0.00752125351923816
pxpC.aln,0.008654212768927127
yhhS_2~~~yhhS_1.aln,0.026152205642570304
group_1777.aln,0.0049614987042607625
rihA.aln,0.016199455503941487
glpE_2.aln,0.003936184137705975
lldD_2.aln,0.006796106764818761
dmsC_1.aln,0.007019829799140422
glrR.aln,0.008246310740298133
lgt.aln,0.00620827353147828
rstB.aln,0.004832992639900908
group_3910.aln,0.00205853851567438
yecM.aln,0.009954106540480467
frdA.aln,0.006721850596683479
rhaR_5~~~rob_2.aln,0.20097415885763165
group_1614.aln,0.008461620892597315
sseA.aln,0.0019601735773407997
ytfE.aln,0.008760416264029527
hpxW.aln,0.018651149256853242
dcuS.aln,0.006399530255530532
ycbX.aln,0.003456346807018561
dkgB.aln,0.007106087184207091
yidC.aln,0.003127975228630399
benC.aln,0.02979484725667326
umuD_1.aln,0.006325182842150034
rhmD.aln,0.005489657704172536
yqjG.aln,0.00839322818885148
ravA.aln,0.011967956638901234
group_3629.aln,0.0032066203558706132
sdaC_1.aln,0.005529595786663616
codAch2.aln,0.032775082146727454
truD.aln,0.006612063159702644
gudP_1.aln,0.007375273607003211
pncC_3.aln,0.0029407076677657484
group_4369.aln,0.06958828148393637
mdh.aln,0.002820601965716211
yedS_1~~~yedS_2~~~yedS.aln,0.11323995283445958
group_4220.aln,0.016786294611989553
smpB.aln,0.011059350912741451
rpsN.aln,0.0006256342547637821
ttr.aln,0.05546760961172097
group_660.aln,0.004300878756638335
mglA_2~~~rbsA_4~~~mglA_1.aln,0.05018816119258061
yijE.aln,0.025093956893771776
group_3241.aln,0.0009971045935297778
nemR.aln,0.006508050784415103
scrB.aln,0.013832414273478161
phnW.aln,0.021478252932753752
glyA.aln,0.00980461710630194
oxlT.aln,0.021894812102706305
cysW.aln,0.004959096110631871
group_4179.aln,0.008533333974863989
group_4160.aln,0.05169822698361987
nasR.aln,0.00689458764313717
pecS.aln,0.004992291418097118
btuE.aln,0.012677468083526112
fadI_1~~~fadI_2~~~fadI.aln,0.23817589780045625
yicJ_1.aln,0.004511545121071698
group_1283.aln,0.009319163935070852
group_2142.aln,0.006602983238775096
group_4234.aln,0.003381636572918394
pepB.aln,0.009898598086708331
group_1514.aln,0.01078093499491923
zapB.aln,0.0021080678468297
group_4289.aln,0.0159988231221246
dsbA_2.aln,0.002895799503507782
bglB.aln,0.011113411882016838
group_1976.aln,0.005601162879477237
yicI~~~yicI_2~~~yicI_1.aln,0.0967644561320112
mntS.aln,0.017020192690889953
gabR_2.aln,0.005307108543003232
yicC.aln,0.00314766454194044
nepI_2~~~nepI_1.aln,0.009276239467908705
gudP_4.aln,0.003548770467699692
acnA.aln,0.007503692358275609
group_940.aln,0.004918322132512183
yhdP_2~~~yhdP_1~~~yhdP.aln,0.18340153595241943
ypjD.aln,0.0038482840741200382
tatC.aln,0.003143248414724145
ppa_2.aln,0.008567294159619135
dauA_2.aln,0.006131235896367189
hmuU_3.aln,0.007265113305768925
ecdB.aln,0.005413414096548739
ureG_1~~~ureG_2~~~ureG.aln,0.047561610755944
pspC.aln,0.011189232534648506
lapA.aln,0.002035548228358645
adeQ.aln,0.017445957216952725
group_431.aln,0.01621081839104797
tsaB.aln,0.00728445903983099
ftsE_2~~~ftsE_1~~~ftsE.aln,0.04369434264670821
fumB.aln,0.011412151792692596
yabI_1.aln,0.005961059076940137
pepQ.aln,0.003914407616739132
group_4169.aln,0.007909342486363961
nuoH.aln,0.003388778239809966
ubiK.aln,0.006826906022718412
cvrA.aln,0.005789765007104096
sdhB.aln,0.00319541833093479
group_2813.aln,0.007959094880174909
group_4458.aln,0.04430859988199591
acpP.aln,0.0
epd.aln,0.002730757365067184
group_3917.aln,0.01979912312529194
metK.aln,0.003815412714887831
yfbR.aln,0.011166801269346275
msbA.aln,0.0052312961469381525
ugpB_2.aln,0.005128253764753103
lsrB_3.aln,0.0014824282604130848
group_2201.aln,0.00046580068602850933
lnt.aln,0.006371575138943637
metQ_1.aln,0.013707027529747132
group_4434.aln,0.02478864006604671
group_1081.aln,0.002409945077065298
group_4175.aln,0.010292415098480546
nrdE.aln,0.005392949120066026
fhuA_2.aln,0.048960251583239994
ugpC_3~~~ugpC_1~~~ugpC_2.aln,0.0925478564537289
slp.aln,0.18098303217021605
group_3892.aln,0.004901366191847973
speG_1.aln,0.023020080384525986
gltD.aln,0.004376352004102244
aegA_3.aln,0.008778777603575426
endA.aln,0.0042625845355647885
kduD_1.aln,0.009202172246529599
ybjJ.aln,0.010047391955693128
emtA.aln,0.008625113649263274
mdtP.aln,0.007572140035309068
group_1947.aln,0.0059474937023323874
group_4267.aln,0.05556560021887318
dhaM.aln,0.004701922529191227
rlhA.aln,0.006172565888428915
ftsB.aln,0.0022786431433013195
hda.aln,0.0022013078007484446
yccF.aln,0.0021949837863550156
tacT3.aln,0.0037711636151639065
chbA_1.aln,0.007019446738559598
pbpG.aln,0.004495162071406339
hisH.aln,0.015092220222045604
aroD.aln,0.011256532714367391
dgcN.aln,0.0030940457868225825
group_240.aln,0.007637330127786077
group_4619.aln,0.0995681807015135
pdeG_1~~~pdeG~~~pdeG_2.aln,0.22681496290927278
hmuU_2.aln,0.02024641215446262
hypB.aln,0.007171338938638734
recJ.aln,0.004663895958189687
group_3944.aln,0.010021271338086423
holC.aln,0.004482543465508137
group_3887.aln,0.01222401674753457
aceB.aln,0.00644510633581315
wecG.aln,0.014440082106117729
cbiA_2~~~cbiA~~~cbiA_1.aln,0.1335806653686808
sdiA_2~~~sdiA.aln,0.01826888360929952
bamA_2.aln,0.007897524993171085
pflA.aln,0.008095765967972434
group_2773.aln,0.0055647554473919345
fba.aln,0.008768554932784604
group_4049.aln,0.036062080614419
group_2517.aln,0.010019913353851221
group_3937.aln,0.024950872784040005
group_90.aln,0.009194615803190292
tcyJ_3.aln,0.007884494007899904
hpaC.aln,0.019191418696176087
group_766.aln,0.012351379117613984
norB.aln,0.014605980048680753
group_4165.aln,0.013575830294470612
exbD.aln,0.006601408364725851
nudI.aln,0.012072046036539203
nadR.aln,0.005564317536016204
yhfG.aln,0.004151073602362175
rplU.aln,0.0
rbsR_1.aln,0.011758891653718122
panE.aln,0.006321327314242658
gpmI_2~~~gpmI_1~~~gpmI.aln,0.05043057288609482
rhmA.aln,0.0062519856683409805
ftsX_2~~~ftsX_1~~~ftsX.aln,0.05083332038401249
emrA_3.aln,0.007236011300879328
yycE.aln,0.015507538632889667
group_850.aln,0.006847880627656503
fic.aln,0.011808323308753449
hemX.aln,0.006339229940652343
group_2097.aln,0.011292265986441502
ygjV.aln,0.0042617471003012185
group_845.aln,0.010948123914814282
pduW.aln,0.011678554360309542
group_4627.aln,0.05538193469101572
glaR_1~~~glaR_2~~~glaR.aln,0.07041932905555301
cysE.aln,0.015003288885248278
yciF.aln,0.002057080440088098
ydiB_1.aln,0.014183940933856998
suhB_2~~~suhB_1.aln,0.0579249563817343
group_1501.aln,0.004074772480937476
cdhR.aln,0.008029725623327235
mhpF.aln,0.014681686806583268
rsxA.aln,0.0042811585371934505
hutH.aln,0.016081435969969526
kdpD_2~~~kdpD_1~~~kdpD.aln,0.0928781574582513
dksA_1.aln,0.0006896758800030936
yaiA.aln,0.004273065023544472
group_3112.aln,0.001455982413339864
galA~~~mhpB_2.aln,0.24886829955742013
nlpD_2.aln,0.0034229806019735586
aroG.aln,0.004951693076881023
aegA_1~~~aegA_2~~~aegA_3.aln,0.2376422404757135
cysG_2~~~cysG_1.aln,0.1787222430909853
folC.aln,0.01554712510710618
hyuA.aln,0.012291826492920706
yiaB.aln,0.005462692307892191
kefF_1.aln,0.026295563979359195
rluC.aln,0.00978566444373023
dut.aln,0.001102257697688732
group_1154.aln,0.009219940832628849
pgtC.aln,0.014450674188192913
lptD.aln,0.0034190409092515624
gutQ.aln,0.009782738611313837
mdtD_2~~~jefA_1.aln,0.011401378102864202
group_4198.aln,0.06551870976158045
artJ_2.aln,0.0038146149141538173
phnC.aln,0.005966221629119324
dppB_1.aln,0.011210809377246502
group_560.aln,0.004674607076909819
group_2667.aln,0.0010379280570343586
yddG.aln,0.008489299988422166
adhE_1~~~adhE_2~~~adhE.aln,0.04797765956429398
livF_1~~~livF_6.aln,0.054948745479089754
yjcH.aln,0.0031822083099478536
iseH.aln,0.007408011537494659
group_1977.aln,0.0008027005532818337
uspB.aln,0.0
mepS_1.aln,0.00723825937066894
group_834.aln,0.012291583978916476
nasA_1~~~nasA_2~~~nasA.aln,0.050286352644881134
cobT_1.aln,0.01711853998513625
gltB.aln,0.0045558368808523595
eco.aln,0.006502360431722833
carB.aln,0.006471169686699118
iprA_2.aln,0.010238473486185503
dnaQ.aln,0.005262962651155348
group_4692.aln,0.0283180936235476
mgtC.aln,0.011219998129528778
group_4306.aln,0.1553559148281446
mltF_1.aln,0.009062031264277294
marR.aln,0.011988021878851719
narG.aln,0.0072169343086165814
vapC_1.aln,0.002813199294563229
hexR_2.aln,0.011551063694180656
apbE_1.aln,0.006827708642729002
qseG.aln,0.010958227474513523
xseB.aln,0.0
leuO.aln,0.004108480381531898
mltC.aln,0.011561546808718222
coaE.aln,0.00625475241499928
ptsN.aln,0.005293157185627701
atsB.aln,0.014344040343673758
group_302.aln,0.00714321685087107
perR.aln,0.007590637322432092
argS.aln,0.006153378683906418
budC.aln,0.03910440276256687
ycgZ.aln,0.0012784235824447588
rhtB_1~~~rhtB_2.aln,0.06674946530096498
msuD_2.aln,0.005169400390290958
pssA.aln,0.003215740419919646
group_1671.aln,0.008933768231160426
rsxD.aln,0.002614026392551462
gloC.aln,0.004036354349826193
narZ_2~~~narZ_1~~~narZ.aln,0.05265759623459963
chiQ.aln,0.00489298246546109
group_239.aln,0.006822427333839548
pdxA2_2.aln,0.005976788995425248
rlmN.aln,0.0033622951523968746
ybiT.aln,0.0033000376358316877
rnd.aln,0.007255982552397057
group_4172.aln,0.026807652119593406
yliI.aln,0.005094969240009051
group_1229.aln,0.0063214587268512965
bcsC_2~~~bcsC_1~~~bcsC.aln,0.09558945694488367
lrhA_2.aln,0.007139611100565662
hflD.aln,0.007725468162454318
ganQ.aln,0.016469096704727564
metAS.aln,0.007048345820744925
nrdG.aln,0.03318656978152374
hpcD.aln,0.008425435100680514
licH_1~~~licH_2.aln,0.04320804308986707
dmdB.aln,0.010829016139582705
sasA_1.aln,0.006837403113890606
polB.aln,0.008059113766266392
group_1366.aln,0.014001518998481009
iolB.aln,0.016504955497874462
rbsD.aln,0.00045581924275646987
thpR.aln,0.009823922946933537
fumC.aln,0.003670781361030496
maoA.aln,0.022528427717524082
trmH.aln,0.009168831423568427
pgl_1.aln,0.011672899134319837
arsB_2~~~arsB_1~~~arsB.aln,0.06562635611620986
group_3905.aln,0.008685778091522942
nhaR.aln,0.004787420271779463
mdcG.aln,0.015961585494908948
group_3275.aln,0.004602002798992647
gmk.aln,0.0006136028267875556
acrZ.aln,0.004193229350418808
pgrR_2.aln,0.009047720692592208
fusA1_1.aln,0.017357499184960646
group_181.aln,0.013933173536815458
mdtH_1.aln,0.0025786283044412126
group_266.aln,0.008606070552276891
rlmD.aln,0.005511206102238625
solA_2~~~solA_1~~~solA.aln,0.04940653206787224
pepN.aln,0.0051156204583874335
mutS_2~~~mutS_1~~~mutS.aln,0.059777372485072054
rhtC_2.aln,0.00933187433781503
cysK.aln,0.00320782638098962
puuR.aln,0.0022334314510427233
cueR.aln,0.011974486593163382
cmpR.aln,0.01018995289131786
yjjB.aln,0.0036852819252236203
tcyP.aln,0.0049572295060890375
group_765.aln,0.003075246198952961
aldA_2~~~aldA_1~~~aldA.aln,0.05272236415460459
srlR_1.aln,0.002708366531584671
zapE_1.aln,0.009451384393258256
gbpR.aln,0.003993910548989746
creB.aln,0.003889787799016517
proV.aln,0.0021951950391785615
pduN.aln,0.002278928994792831
bcaP.aln,0.020952548984614607
ade2.aln,0.013109390006223375
sapB.aln,0.009197164179571869
frdB.aln,0.01023191126044073
alkA.aln,0.04421008579776336
group_2349.aln,0.007186994799369415
cysA_1~~~ssuB_2.aln,0.01895555728761346
yraA.aln,0.03913169363637935
ppiC_1.aln,0.0033723630126816432
pcaK_3.aln,0.00567692936808744
rpsL.aln,0.012348847131912982
yjeM.aln,0.006942129632378212
group_4061.aln,0.012043861833833326
lpp1.aln,0.0
ldhA.aln,0.005264392403988276
group_1764.aln,0.006791926023062999
group_4171.aln,0.05932339311737034
group_2400.aln,0.0005317891165492148
group_2758.aln,0.010481897231809825
ygfA.aln,0.004527917216168164
gpsA.aln,0.004220392245463991
maoP.aln,0.0018554112169994728
group_4036.aln,0.016120374040878988
group_1682.aln,0.011579764366024576
zapC.aln,0.00505402281089032
ompR_1.aln,0.010092391418018334
group_3205.aln,0.0009524581191926235
msyB.aln,0.0019787502011133573
serB.aln,0.0053582933870008394
tag.aln,0.0049387461395260695
otsB.aln,0.004327148007044063
nrdA.aln,0.005979080924895203
pta.aln,0.00312011821896261
holD.aln,0.004379897287981325
bglA_3.aln,0.009521459170967852
group_1575.aln,0.004155371848485811
tadA.aln,0.008106998149473797
cbiO.aln,0.011522619433118204
pqqU.aln,0.005500501883306908
pulG.aln,0.013859813929988422
group_4161.aln,0.0163253971486922
group_2706.aln,0.002331122994578418
sppA.aln,0.006738809602096862
ftsH.aln,0.003101515439178722
group_1380.aln,0.007569244453282192
ydgC.aln,0.0071584776153991465
pabB.aln,0.006041012606362159
katG_1~~~katG_2~~~katG.aln,0.05152556899609717
ngcG~~~dasC.aln,0.0883662145640836
map_1.aln,0.013372898913423841
grxD.aln,0.008866192962654357
phnP.aln,0.01018097555314821
dapA_2~~~dapA_3.aln,0.025950737277171638
ntrC.aln,0.006961338833441882
pgpA.aln,0.028618232084887684
cytR_2.aln,0.004123865183931958
ynjB.aln,0.024557776093882492
rplB.aln,0.0007743481366116944
ycgJ.aln,0.008103403717227993
avtA.aln,0.004759046846633821
glgS_1.aln,0.0023819356022532234
tyrS.aln,0.004897114615324267
gap.aln,0.004477402237424309
araH.aln,0.006713178755583004
glcR_1.aln,0.004911339017856405
yfdX.aln,0.003197905360803891
group_3372.aln,0.0
group_2645.aln,0.003635685688541796
group_3673.aln,0.00817986916053664
yycB.aln,0.04624043156434065
group_4265.aln,0.061999492389620915
mrcA.aln,0.005474134747628147
gudP_2.aln,0.010236117563404416
ispA.aln,0.002958246296242605
nhaB.aln,0.00966590256512639
fabF_1.aln,0.004347813502963713
moaC.aln,0.013092469206565456
group_1566.aln,0.003063302472618828
por_2.aln,0.007004598684885661
group_4456.aln,0.010278789265926505
pspB.aln,0.0061346154217658535
group_4397.aln,0.08250954487762431
aroQ.aln,0.007496628730089013
htpG.aln,0.011592263985665466
letB.aln,0.006744511523963312
yeiE.aln,0.0022198518351835748
sorB.aln,0.0036582380120820574
ybgC.aln,0.0009454028738652708
iroE.aln,0.007736018956585796
yedI.aln,0.0059102485524901854
yraI_1.aln,0.016056866425399902
group_1187.aln,0.005562645705727763
mepM.aln,0.009498043481629482
gntT.aln,0.0053621218543371705
group_3072.aln,0.0075484553937126215
hemL.aln,0.007410248952855915
rdsA.aln,0.009590598260015898
glnE.aln,0.0069435364687114596
ubiG.aln,0.01182310442709217
aroP_2.aln,0.004090612627395717
group_4014.aln,0.03335120141486054
dppD_2.aln,0.014071913659803242
group_1087.aln,0.00956791852979753
group_4437.aln,0.016539326844478515
cydC.aln,0.008524536327852399
atl.aln,0.0043719420397952775
fabF_2~~~fabF_1.aln,0.14126134560228337
chbA_4.aln,0.005516567531506648
miaB.aln,0.0034548532741127363
group_2131.aln,0.011621834030689419
dauA_3.aln,0.01163248855940408
glpR_4.aln,0.010760460861816472
recD_1~~~recD_2~~~recD.aln,0.18504828090792913
aroE_1~~~aroE_2.aln,0.17035076901577378
group_2417.aln,0.006593758208874965
group_4233.aln,0.0564708740788827
mioC.aln,0.0044078352886166745
mntB_4.aln,0.015327544937123044
group_4269.aln,0.053961170499954046
ytbE.aln,0.007257565080675062
ydgD.aln,0.0056792529627188075
bhsA_2.aln,0.003073660783735828
folD.aln,0.004519624114313804
cpxP.aln,0.002718987611615463
nrdB.aln,0.005727348465061183
ulaC_1.aln,0.003907723058534626
hpcB.aln,0.02783238196867467
betI_2.aln,0.007515065595953022
norR_1.aln,0.007452610686766375
soxR.aln,0.0025500320738432313
ychN.aln,0.0010816049828119624
cyoA.aln,0.0008480475245989554
mlc.aln,0.0045815895803443946
group_959.aln,0.0017847229633109294
group_3299.aln,0.003536189823860071
fucO.aln,0.009535019408337045
nuoK.aln,0.0006318286533257998
ygjP.aln,0.004228025556226867
rlmG.aln,0.015263877987761975
mzrA.aln,0.0068564832422354045
rhlE_2.aln,0.008629467600972131
rpsC.aln,0.0
lptG.aln,0.004953621314045039
hycC.aln,0.011525485338952049
luxS.aln,0.004228087946983198
group_1219.aln,0.005541032498858468
hexR_4.aln,0.0036765755517895117
purN.aln,0.003040248746849118
mlaD.aln,0.002382012608183211
ahcY.aln,0.009412573775615411
aidB~~~aidB_2~~~aidB_1.aln,0.09949100906908
norV.aln,0.00759652089217123
rpoE.aln,0.0
ssuB_1.aln,0.012812308658630516
cydB_3.aln,0.012183255677033204
valS.aln,0.013560473843344146
yehZ.aln,0.013455348556844552
plaP.aln,0.007598782938514894
rplT.aln,0.002029715741091932
ldh1.aln,0.003512563250262275
rpoA.aln,0.00019337786056335083
arnC.aln,0.003776362813293076
rbsC_3~~~rbsC_4~~~rbsC_8.aln,0.049199530734697086
cbiC.aln,0.003996397571572675
djlA.aln,0.005375236533719377
group_2877.aln,0.007165974857815359
group_2550.aln,0.001946526508546828
pucG.aln,0.0074120648195577805
wecD_1.aln,0.0020256840415955493
group_905.aln,0.005107001673285242
chiP_1~~~chiP_2~~~chiP.aln,0.046693243630088636
rpoS.aln,0.002150130107589529
yojI.aln,0.012282736661093844
diaA.aln,0.0019896660678837197
dat.aln,0.004451788605648436
ansA.aln,0.005517962648128625
metQ_2.aln,0.005854051024281879
thiD.aln,0.012103661888813047
dgaE.aln,0.019248910836018932
ybiU.aln,0.007670248669866965
tcyN.aln,0.004715789829972009
group_1660.aln,0.006423550698102016
apbE_2.aln,0.010017968220446191
mlaF.aln,0.0035997086843348016
quiA.aln,0.008555182999511956
lpoB.aln,0.0040169616477889565
prc_2~~~prc_1~~~prc.aln,0.051312675314860966
wzyE.aln,0.013365444901114097
group_1613.aln,0.008867625756561057
mtnC.aln,0.011275942673152484
mglA_2.aln,0.009917538198605962
msrP.aln,0.007609901750959636
yhhT_2.aln,0.004602070421842469
purB.aln,0.006530855496249431
yycR.aln,0.005094058596536382
exuT_2.aln,0.0044336252546167765
arnF.aln,0.002009911621603332
btuD_2.aln,0.005055780714275791
group_384.aln,0.00776788220765791
rimI_3.aln,0.0055490269039864095
clcB_1.aln,0.006878627794757517
fimI_1.aln,0.00879641660845029
group_1853.aln,0.010105768179841388
group_950.aln,0.005133708718596216
dxs_2~~~dxs_1~~~dxs.aln,0.05079860449414777
kdpC.aln,0.00714182722087035
feoB.aln,0.005203517181925872
ydjH.aln,0.004414348325522467
uvrB_2~~~uvrB_1~~~uvrB.aln,0.05032122295823819
hypA.aln,0.009093325866122154
group_4205.aln,0.015049222627152158
dsdX.aln,0.011357266468313273
uxuA_2.aln,0.007051683264734182
sdaA_2~~~sdaA_1~~~sdaA.aln,0.05103647951406217
tyrR.aln,0.006763838920456496
group_951.aln,0.0026216453363646468
dedA.aln,0.00747074384984641
group_4431.aln,0.036992132737166554
rplV.aln,0.000944421024869101
dusC_1~~~dusC_2~~~dusC.aln,0.050000942712271
dcp.aln,0.008900368562067495
hcp.aln,0.006286595628664051
potI.aln,0.00601767084851012
gltA_2~~~gltA_1.aln,0.06048083042457284
group_3301.aln,0.0028107571291062666
araJ.aln,0.013289085541578266
yegT.aln,0.004335874875645612
group_3926.aln,0.031467551225874614
ada_2.aln,0.003279288313647243
deoB.aln,0.00732526771430307
iscS.aln,0.001859208091855779
ydcZ.aln,0.008587787728709724
hpt.aln,0.0021134463422755106
tpx.aln,0.004899161244097811
narU.aln,0.006940235513225777
lon_2.aln,0.051621576456625066
group_1361.aln,0.007533520512408384
dcuR.aln,0.008114581807487762
epmA.aln,0.0036208203341374797
ccmC.aln,0.009692536649066268
acsC~~~bepA_2.aln,0.05295927572807201
hipO_2.aln,0.00532840371755076
recN.aln,0.007112096454810401
group_4125.aln,0.0545888766927592
bioF.aln,0.00985539532567703
cysN_2~~~cysN_1~~~cysN.aln,0.05994157573327142
paaK.aln,0.008236973948658667
budA.aln,0.007176055363432885
ybdZ.aln,0.017607363306195025
hycB.aln,0.00518013427988164
rcsD_1~~~rcsD_2~~~rcsD.aln,0.048061473067756225
iolU_2.aln,0.004357961006054042
nrdI.aln,0.002395251980928372
prmA.aln,0.007094388577555424
iolE_2.aln,0.014151489148219912
group_4305.aln,0.21162709967650228
tcyJ_2.aln,0.011082951298346013
ubiU.aln,0.006003640563360472
pntA_1~~~pntA_2~~~pntA.aln,0.04870843664635225
gmhB.aln,0.005598589356417815
group_4261.aln,0.021679761419007033
roxA_2.aln,0.004698011307231143
deaD.aln,0.003900703334186803
bdcA_1.aln,0.012963048019476618
hfq.aln,0.0
trpR.aln,0.021593276939751854
nagD.aln,0.007708852912874092
lapB.aln,0.00861676104304207
sasA_1~~~sasA_2.aln,0.07330247547061451
adeP.aln,0.0011138900204788408
zapG.aln,0.0026711685930223216
eutM.aln,0.006679915334295373
rbsA_3.aln,0.006724315215467557
ygiD.aln,0.008011949010544417
group_4011.aln,0.02518751514416578
artM_1~~~artM_2~~~artM.aln,0.05349072335421407
molC.aln,0.014295399172697723
parE.aln,0.007777434405730119
udp.aln,0.023545792767100546
frr.aln,0.007746506275174821
hcxA.aln,0.015730516880018742
rarD.aln,0.011729431294937505
dhaK_2.aln,0.008273777072675629
chuR.aln,0.010460890662325209
ppiC_2.aln,0.0006788797232543168
group_795.aln,0.012598604656547227
tamB.aln,0.009427005651511439
hisG.aln,0.007171617108873768
group_1392.aln,0.015352084606829361
gcvA_5.aln,0.02006372292375863
tyrB_1.aln,0.009599122196401926
deoR_2.aln,0.002759293097440785
rpmE2.aln,0.002641592292412293
greA.aln,0.004050658536848879
norR_2.aln,0.006331239403662586
ariR.aln,0.010652830912548731
group_1005.aln,0.004913430470032237
fcs.aln,0.008140746169491186
cobD_1.aln,0.004005827306609968
qorA.aln,0.006899178256171386
group_4409.aln,0.02426700049119825
proP_2.aln,0.006105011267261265
alsE.aln,0.0054060052685484545
group_597.aln,0.004285610866208354
hemE.aln,0.007233532256228541
manP~~~manP_2.aln,0.05894956855882199
chbA_2.aln,0.006477755486723617
yhaK.aln,0.00261011545726324
group_4492.aln,0.052724231862940174
rhaR_4~~~rhaR_2.aln,0.15803255869545443
engB.aln,0.0028464196985493436
group_4170.aln,0.002127156466196859
fdnG_2.aln,0.005077987238846791
treC_2~~~treC_1~~~treC.aln,0.049944602173088194
group_4206.aln,0.08212240829257471
bioH_2.aln,0.0033251762334498276
nupC_1.aln,0.004518249603865517
glgS_2.aln,0.0
ssuC_1.aln,0.012875520222056987
mdoB_1~~~mdoB_2~~~mdoB.aln,0.04923123376462785
fldC.aln,0.004807232570688231
ltaE.aln,0.006669599754936825
dsdC_2~~~dsdC_1.aln,0.02280441320439177
ydgH_1~~~ydgH_2~~~ydgH.aln,0.047552437591317685
yqjE.aln,0.005521000801465853
atzE.aln,0.027891958631721163
group_2526.aln,0.003186921787801064
basR_1~~~basR_2~~~basR.aln,0.047470182559674765
group_2254.aln,0.0020712945368101462
group_174.aln,0.008114050275454391
fabG_4.aln,0.0017848877649840722
hemD.aln,0.004857131613870712
tcdA.aln,0.010204510596016647
sqwH.aln,0.005209288154315684
group_2215.aln,0.0029677608190391298
sdaB.aln,0.003204990957415857
sacP_2.aln,0.008112514285721564
yicJ_3.aln,0.00781801856000987
lrp_1.aln,0.001672642929803091
tcyL_1.aln,0.012321703728559907
yohK_1.aln,0.0075233611485446055
group_2287.aln,0.007305421823058706
wecE.aln,0.0034176869178666872
bcsQ_1~~~bcsQ_2.aln,0.004952384914639965
group_4182.aln,0.05024411856169219
group_4844.aln,0.07242486547921517
pduP.aln,0.005122226230574635
group_892.aln,0.005969980079327663
pcp.aln,0.015317758176606423
group_2711.aln,0.00167323955142475
galE.aln,0.0038451620195800273
yebV.aln,0.0034498260427188753
yibH_2~~~yibH_1~~~yiaV.aln,0.09529536687110578
group_4379.aln,0.02956695675189401
cusS.aln,0.028818086198155683
dppF_2.aln,0.017073761048944744
yqgF.aln,0.003800147430298779
cmoO_1~~~cmoO_2.aln,0.020705294691849938
tdh.aln,0.00617798907863254
fumD.aln,0.009686368894825298
rnt.aln,0.003278309253250709
group_3913.aln,0.022541065070986733
actP.aln,0.008294048833635125
mdoH_2~~~mdoH_1~~~mdoH.aln,0.0889981092427183
group_353.aln,0.007592228206930232
group_4417.aln,0.013057394227917893
group_1902.aln,0.0025790431919344987
cysH_1.aln,0.003238680055876183
group_4059.aln,0.00810292500886394
cueO.aln,0.007027550066233948
glgX.aln,0.009444353194591797
purK.aln,0.010137910329432172
cyoD.aln,0.0009530066705497292
recX.aln,0.010106836989093964
iclR.aln,0.007318234386945608
dmsD.aln,0.010817827489514252
catB.aln,0.01095111187637246
pnp.aln,0.0030432843121662575
group_4187.aln,0.054082742164763775
yccX.aln,0.02131051167549347
rfaH.aln,0.0011745035702927444
gsk.aln,0.004817544012538335
sbcC_1~~~sbcC~~~sbcC_2.aln,0.08960041244498933
mdoG.aln,0.0023849172028845094
nimR_3.aln,0.016853445013434647
ndmA.aln,0.014205582466298406
group_2321.aln,0.0018449216010498553
group_914.aln,0.004887462375603026
dauR.aln,0.004417103661302332
fklB.aln,0.004248401409054685
nusG.aln,0.0009266232293756923
fusA1_2.aln,0.001132971615578143
lpxP.aln,0.030773009899480674
yajL.aln,0.00536223151275996
srlA.aln,0.006670145499324029
group_4413.aln,0.024238333990434197
eutC_2.aln,0.01057047705755838
group_2912.aln,0.005422808414582358
group_548.aln,0.005927697475679965
uraA.aln,0.0029889003428747412
hslR.aln,0.006951394235143319
yciK.aln,0.0034032949651572244
fhmpcd1.aln,0.01588848191264391
hipA.aln,0.005140793164598127
hipO_3.aln,0.00895255714788045
pyrI.aln,0.009006452648306908
leuD1.aln,0.009326617244472877
fepA_2.aln,0.024447025707760858
sodA.aln,0.0025927847662202074
group_4150.aln,0.013549856425418382
yccU.aln,0.01642868711959085
tsaC.aln,0.005541442940551995
moaD.aln,0.0035695760929902115
ptsI.aln,0.003183093325018854
proC.aln,0.004591817030400391
group_1457.aln,0.005713086773254325
rbsB_1.aln,0.004243415620682099
acuI.aln,0.008636772200162249
hcaB.aln,0.04746236818699583
narI.aln,0.004071647403826893
ulaF.aln,0.0018032906616129067
feaB_2.aln,0.0077594331282017075
dppF_1.aln,0.02109472493349536
ghrB_2~~~ghrB_1~~~ghrB.aln,0.0538016289039094
secG.aln,0.0019060133410994584
rsmJ.aln,0.01972114796488527
cysH_2.aln,0.0074905454012475165
ybaL.aln,0.003942297500384141
araA.aln,0.007667172040081447
rutA.aln,0.007823322863956095
cdsA.aln,0.008389930722154524
mraZ.aln,0.003026442174781557
ffh_2~~~ffh_1~~~ffh.aln,0.04931718333557825
cntO_2~~~cntO_1~~~cntO.aln,0.05438328766982379
group_441.aln,0.0072143146975100535
sra.aln,0.0034532816274085265
group_881.aln,0.006368261749708113
pduD_2.aln,0.007024411098200415
puuE.aln,0.017836931585130163
argA.aln,0.004875498880607323
bamE.aln,0.002023429721730625
pduE_1.aln,0.008666826060995248
outO.aln,0.0068984660449935105
cyoE.aln,0.0018183228075460594
group_1308.aln,0.0024794956497087867
ypdB.aln,0.005481390983045537
minC.aln,0.003722711102547102
fadM.aln,0.008685798281236725
grxA.aln,0.0011912583381871616
mdtD.aln,0.01236252279650603
rsmH.aln,0.005134323243300665
pcaK_1.aln,0.006816829797411338
paaJ.aln,0.004658404172330621
eptA.aln,0.008994372484010823
nadA.aln,0.007013305547932153
asd_2~~~asd_1.aln,0.04162863073491454
rpsA.aln,0.001289735089336026
hypC.aln,0.004268386450135245
group_2289.aln,0.004035694672382198
mscS.aln,0.004867973241830273
fadB.aln,0.010586492565860547
ganS.aln,0.005114316018531743
ccmB.aln,0.009173688415212385
group_1264.aln,0.020398120404449775
rcnB.aln,0.01377902499544838
ganP.aln,0.008868496344630345
gstB_4.aln,0.007581976126028713
group_390.aln,0.005532927885271081
ybiO.aln,0.006008181152936131
symE.aln,0.001239120271570986
cpxA.aln,0.005525978036596745
group_1045.aln,0.007911366013060453
glnB.aln,0.0020010524820717394
pxpA.aln,0.006938455736008026
nicS.aln,0.00338556218851023
group_4284.aln,0.014974464257113627
rluB_1~~~rluB_2~~~rluB.aln,0.045495188210323355
rhaD.aln,0.005133300009482992
lpxC.aln,0.002257408970293236
murQ_1.aln,0.009133172447207
group_4040.aln,0.01626776310596624
malT_1.aln,0.009845300668732881
licC_4~~~lacE~~~licC_5.aln,0.0573351812699034
lpdC_1.aln,0.004809118570816295
group_1586.aln,0.0010880584073415603
group_4149.aln,0.011153086283051769
mmuM.aln,0.006597145650283805
prmC.aln,0.006371224264193721
group_355.aln,0.00412307690510902
group_280.aln,0.007040415339942846
rbn_1.aln,0.004496505568507001
cpdA.aln,0.0023400444145465467
cspE.aln,0.0
ves.aln,0.008953703955324506
group_3335.aln,0.0011395481068911747
group_1508.aln,0.006477124723720093
lacI_2~~~purR_3.aln,0.08824344329553598
bglA_2~~~bglA_3.aln,0.04791849383137415
group_2709.aln,0.006997211916240834
chbR.aln,0.005223480171732231
araB_1.aln,0.005935996134252671
norR_4~~~norR_3~~~pspF.aln,0.1579001236665048
group_1863.aln,0.008173324699464269
group_4017.aln,0.01903667766073349
lepB.aln,0.0029586824715761425
group_3958.aln,0.0179020613988127
phoQ.aln,0.0026574479059648416
group_2385.aln,0.00429957837730923
yafP_1.aln,0.008931933712307846
yciH.aln,0.012696983472511086
cysB.aln,0.0020195825397608643
ybiV.aln,0.024047621700727745
paaC.aln,0.022960613545035504
group_3324.aln,0.0036782713600164987
rraA.aln,0.0050123946843867095
hisA.aln,0.026153005370724302
pth_2~~~pth_1~~~pth.aln,0.04924360027696137
codA_1.aln,0.01760365918743037
galT.aln,0.006919200214988143
hoxN.aln,0.0236606343903375
rutE.aln,0.008639118463297691
rhaS_4~~~rhaS_2.aln,0.014333932014589103
nupC_2.aln,0.0028579550105612903
ythA~~~cydA_2.aln,0.052029431390911846
arcB.aln,0.005935842672793318
kdgK_1.aln,0.008086753839902408
ftsQ.aln,0.0021646272162790556
group_224.aln,0.0063622181438113806
wza~~~wza_1~~~wza_2.aln,0.3085264606178463
cobQ.aln,0.011780173541520923
thlA.aln,0.008461532459874417
pheP.aln,0.0128725297860269
rafB_2.aln,0.005497421452066978
msrA_2~~~msrA_3~~~msrA.aln,0.06613378525894205
yagG_1.aln,0.003429677741251044
entH.aln,0.007278037357622349
uhpT.aln,0.006589882498042627
zinT.aln,0.006767057301805661
group_3932.aln,0.025620621156341634
matP.aln,0.00286015442336005
amaB_1.aln,0.0074737586523082305
hspQ.aln,0.019759426019435825
tsx.aln,0.003322187564601943
mqo_1.aln,0.008069016411072164
group_4029.aln,0.011696997303708606
rnpA.aln,0.07926136620010825
pgrR_1~~~pgrR_5.aln,0.007227866970957771
tatD.aln,0.00841929190590282
waaQ.aln,0.03865622009354096
nfdA_2.aln,0.011213117375809758
group_4222.aln,0.0939832964011325
group_2368.aln,0.002951553358230273
mhpB~~~mhpB_1.aln,0.022385052384988377
yqfB.aln,0.004132028368358032
lldR_3.aln,0.001514989450204663
eutE.aln,0.016636649944198646
araF.aln,0.00683536699520299
group_3955.aln,0.05114083415354493
hisP.aln,0.012089504149154455
group_4712.aln,0.06899301554485104
hpf_2.aln,0.0
pbuE~~~ydhP_1~~~ydhP_2.aln,0.21147318322604816
norW_2~~~nasB~~~norW_1.aln,0.05124505470877183
group_4138.aln,0.010435550370136526
group_1750.aln,0.005205473503782461
hisB.aln,0.010737263652735177
ribX_1~~~ribX_2.aln,0.15693468407648556
caiT_2~~~caiT_1~~~caiT.aln,0.05890384101851329
narH.aln,0.004935193142129322
crgA_1.aln,0.008663663719884156
ccmE~~~ccmF.aln,0.36467917188492704
dppF_3.aln,0.006675243561778164
ycgR.aln,0.01453945584686222
hemG.aln,0.004421874904305404
rhaA.aln,0.006181322482079084
group_1515.aln,0.010785149108788422
yejF.aln,0.013440707870523564
pncA.aln,0.013297079576658906
vgrG2b_2~~~vgrG2b_1~~~vgrG2b~~~vgrG2b_4.aln,0.1563392139483331
pnuC.aln,0.006327164914240781
yeeO.aln,0.01103663410076875
group_2785.aln,0.0006936379781076716
cycA_1.aln,0.0036577282408660717
glpD_2~~~glpD_1~~~glpD.aln,0.058886606332831916
cydB_2.aln,0.011995940162683632
ddlA.aln,0.005554794759185219
aroP_1.aln,0.00610488585310551
ygdR_2~~~ygdR_3.aln,0.026162984401264917
pykA.aln,0.003942127267636209
yfcF.aln,0.0062687972835066795
recC.aln,0.008819738854319354
trpA.aln,0.005754902945170317
fhlA_2~~~fhlA_1~~~fhlA.aln,0.05171063515201858
glgC_1.aln,0.009915809232211841
malH.aln,0.007834206017211272
rraB.aln,0.00239213372689895
fhuC_1.aln,0.004320596314824478
hisJ_2.aln,0.01971892088889793
mrdB_2~~~mrdB_1~~~mrdB.aln,0.045594666109200634
acrB_1.aln,0.0034204649376029916
group_4416.aln,0.033635000755378515
tusC.aln,0.008174529896281242
narW.aln,0.012800997054016335
pcpR_1.aln,0.003183519930738399
sbcB.aln,0.03147431192396379
gntR_2.aln,0.0105399295638698
gsiA_1.aln,0.004354423237762177
selO.aln,0.007661388837459932
group_4429.aln,0.048664675317911514
amyA.aln,0.006199355597969764
group_1709.aln,0.009616808743341759
menE.aln,0.020527050685857508
clpB_2~~~clpB_1~~~clpB.aln,0.058151104516826424
sotB_3~~~sotB_4.aln,0.09971172536784462
nuoC_2~~~nuoC_1~~~nuoC.aln,0.08503562845210419
kduD_3~~~kduD_1~~~kduD_2.aln,0.32845713873531934
thiK.aln,0.013473465672297501
lpxH.aln,0.013093890906932824
rhaB_1~~~rhaB_2~~~rhaB.aln,0.0921532784798756
group_2790.aln,0.0029998487327990223
ltnD_1~~~ltnD_2~~~ltnD.aln,0.051459611185487746
yecN.aln,0.00403777956118184
ptsJ.aln,0.007788371397071839
malQ_2~~~malQ~~~malQ_1.aln,0.05294586090084769
group_2024.aln,0.004857930820655423
aspT_1.aln,0.007846675204637053
group_2427.aln,0.004700751009042835
asnS.aln,0.0052177008876550055
pncC_1~~~pncC_2.aln,0.12943099096644983
topA_2.aln,0.0016269927196861716
sohB.aln,0.009754069082276641
scoA.aln,0.006310747164714274
group_4652.aln,0.23239004122792473
group_4752.aln,0.2848988590707937
lldR_2.aln,0.003599548816523483
rplL.aln,0.0
mgtE_2.aln,0.00616690823490411
tcyL_3.aln,0.0038809581647382524
ydjA.aln,0.00625581547784349
scrY_2~~~scrY_1.aln,0.005635514904903742
rluD.aln,0.02394293096879493
metH_1~~~metH_2~~~metH.aln,0.09055557601558638
cbiQ.aln,0.026092910511840817
glnP_2.aln,0.002415771807499783
ssuD_1~~~ssuD_2~~~ssuD.aln,0.05432237357426461
amiD_2~~~amiD_1~~~amiD.aln,0.053851812134013105
group_794.aln,0.018287045956261284
group_1958.aln,0.002506909684241611
dppA_2.aln,0.0036039875910749354
dnaA_1~~~dnaA.aln,0.007605609851192465
yhjR.aln,0.00297531822549634
cbiN.aln,0.004661881958566893
tesA.aln,0.09208811950939093
bioC.aln,0.005694731531554117
pncC_1.aln,0.008437801876027412
fieF.aln,0.0035327932862302533
cysZ.aln,0.003785074822708698
macB.aln,0.00615079197571754
creD_1~~~creD_2~~~creD.aln,0.05181239122955563
qorB.aln,0.011456382924135172
ygdR_2.aln,0.002193300493083794
yrfG.aln,0.00189110064505517
yeiP.aln,0.006540487170173994
eutH_2~~~eutH_1~~~eutH.aln,0.051677542234661984
cpdB.aln,0.007716608773895127
tauD.aln,0.025446089367222004
rpe.aln,0.0023181896045059505
usg.aln,0.004556622168094259
rpsS.aln,0.0
suhB_3.aln,0.0026998852981984403
hutT.aln,0.007462997804584795
group_4645.aln,0.10086388552783278
gabP.aln,0.009563723378131621
group_3700.aln,0.0037473864793251713
zur.aln,0.006668246754500854
livF_5.aln,0.004660314164559625
group_412.aln,0.026244590530312317
pal_1.aln,0.0015104847280073212
group_3464.aln,0.0018232769710258795
pduO_2.aln,0.05375385943943661
rafR.aln,0.009975497771085062
tesB.aln,0.0049037638684703445
sprT.aln,0.007604877203469157
group_613.aln,0.012761314521185434
group_3040.aln,0.006255385258060471
yqaB.aln,0.006255537917248962
rsfS.aln,0.0006020254149613753
topA_1.aln,0.004587105506687784
pduD_1.aln,0.006426775120972243
trpS.aln,0.0019539557969172846
yeiR.aln,0.06053345464070581
dnaK_1~~~dnaK_2.aln,0.04942075226348882
arnA.aln,0.00825127690818302
mntP.aln,0.0036194197067125297
pqqE.aln,0.005428245740259615
gltJ_2.aln,0.007698258812480906
dgoA_2.aln,0.025582388314820733
dapD.aln,0.004493307098675326
group_1538.aln,0.006298261480630918
lolB.aln,0.0032756888221927875
group_1126.aln,0.0074328550951659675
group_3940.aln,0.014529242615336637
group_833.aln,0.008878386027747437
group_1719.aln,0.008975456230222332
group_1875.aln,0.014294468212991648
accB.aln,0.0011728085138568256
fucP_1~~~fucP.aln,0.027410203693586814
hdfR_2~~~oxyR_4~~~oxyR_3.aln,0.03797514573038748
celA_2.aln,0.021872922888724618
sucC.aln,0.004153200736797386
speE.aln,0.0031920483769179225
can_1~~~can_2.aln,0.04333745187086448
group_1075.aln,0.011077224769245329
elbB.aln,0.006504187222581859
yjhP.aln,0.010300582822628808
ychF.aln,0.01059439407238335
kup.aln,0.004232567593766198
tusB.aln,0.002848710015696315
glpA.aln,0.005667360009183733
hcpA_1.aln,0.007029506489454087
rclR.aln,0.015387972364968751
mtnB.aln,0.005606330834377642
gppA.aln,0.0033867198002617
lsrD_2.aln,0.0018972268401079551
metC_2.aln,0.009335656977348927
malK_1.aln,0.0017578061987483574
cusC_2~~~cusC_1.aln,0.04488150831620705
ahpF.aln,0.006284527184836891
ubiJ.aln,0.01614285457936701
group_647.aln,0.0066243508129458315
sfsA.aln,0.0042302853388811856
group_4118.aln,0.005126794608708929
group_2006.aln,0.0034185123987744135
trmB.aln,0.024506606678062218
group_3969.aln,0.01092172823294301
metI_2.aln,0.04522795568338506
lysN_2.aln,0.0065647841326542935
group_2351.aln,0.0052679007107857825
group_2915.aln,0.0007688517347699492
ssuB_3.aln,0.009809462082695253
group_1274.aln,0.004741258423397039
fruB_1.aln,0.035519789198087307
group_2760.aln,0.0038759731311662432
fbaB.aln,0.00620379879247938
murP.aln,0.006397377522009573
group_883.aln,0.005404181749471942
syrM1.aln,0.024846994114653076
group_2387.aln,0.0034106737425370222
group_2339.aln,0.005821104374091773
rbn_2~~~rbn_3.aln,0.06181893894439028
dnaE_2~~~dnaE_1~~~dnaE.aln,0.15639827048478191
eamA.aln,0.03250300276966503
hupA.aln,0.0023315537300176293
walR.aln,0.004160527603053477
araD.aln,0.007798288489724512
sdaC_2.aln,0.010533125885567936
fimI_2.aln,0.006977083506292078
cmaX.aln,0.006429103130831849
group_4390.aln,0.010453362206730772
yceM.aln,0.011992508784934327
zapD.aln,0.0028992138811322044
group_4047.aln,0.01845343091538875
cfxP.aln,0.004999623646051817
arfB.aln,0.047004061357851804
rihC.aln,0.008538282588276703
chaB.aln,0.0008287622595572179
group_4297.aln,0.05227925303693092
mscL.aln,0.004140444167565015
rho_1~~~rho_2~~~rho.aln,0.046879336476841026
group_753.aln,0.004057659482504377
setB_1~~~setB_2~~~setB.aln,0.049408570341224756
proS_1.aln,0.0017874258922016093
group_663.aln,0.006440725430855333
radA.aln,0.005060253369058558
group_4154.aln,0.018921323359944796
uppP.aln,0.0017123073287959748
proP_1.aln,0.005612324554705975
ppsR.aln,0.013458756540777972
trmJ.aln,0.007420797909856904
ribZ_2.aln,0.006482197920609662
psiF.aln,0.013487016157552087
tauB.aln,0.010956311612666724
group_3137.aln,0.0009116384855129397
yffB.aln,0.005992856190593973
rpoC_1~~~rpoC_2~~~rpoC.aln,0.04653491629495862
yhhQ.aln,0.009819901177964748
speD.aln,0.0006363978405523622
ydiB_2.aln,0.007587342013584436
artI.aln,0.004324566615467354
ulaA_4~~~ulaA_2.aln,0.05211421485531401
putP.aln,0.0038331296381949086
ybhL.aln,0.005590017884974324
rpsB.aln,0.0006706786631743832
group_4079.aln,0.018865159475010357
frmA.aln,0.006471680916052754
group_4513.aln,0.12114256249726171
group_3383.aln,0.004193229350418808
rlmM.aln,0.004812616640790008
tusA.aln,0.004922139894991727
ushA.aln,0.007133856563873544
group_625.aln,0.010408729924661915
rbsK_3.aln,0.007553690649887455
ribB.aln,0.007949303984971698
mngR_1~~~mngR_2.aln,0.01729612205644442
appY.aln,0.008005768222428548
treB.aln,0.006903872206978849
gmuD_2.aln,0.005990278949544322
yeaE.aln,0.03987405634125414
nrtA.aln,0.004860585382957413
pduO_1~~~pduO_3.aln,0.015548026276201504
hcxB.aln,0.007941482367289861
pyrD.aln,0.0009820464814082398
fldB.aln,0.0052322062698415585
can_2.aln,0.0017575708912321597
dnaN.aln,0.012567839925959223
malF.aln,0.0034095656615248902
baeR.aln,0.015774221166158574
group_1738.aln,0.003339369202991287
hpcE_2.aln,0.022141587808344437
group_4019.aln,0.03692977394666913
mglA_1~~~mglA_3.aln,0.004104121215880919
ivy.aln,0.008030294302987833
frsA.aln,0.0043531871065757705
smg.aln,0.006511258157330099
group_4625.aln,0.05802738074780402
zipA.aln,0.0029967003760892202
acnB.aln,0.003609392474119075
acoR.aln,0.0076295451521207385
ccpA_2.aln,0.011790277414389956
fdx.aln,0.005453276937496413
ygaM.aln,0.0035396048539812243
group_4072.aln,0.007388417199791645
hosA.aln,0.0024985351279662926
ulaG.aln,0.004305618709520803
group_4447.aln,0.031023145268942155
pduQ.aln,0.00709976761484598
group_674.aln,0.00827194750571569
group_2130.aln,0.008110871930398032
guaA_1~~~ipuF.aln,0.016918338318930578
group_4415.aln,0.02617212170780896
wecA.aln,0.0030739449935957013
madC.aln,0.013952691842821495
group_1276.aln,0.006054699737181827
allS.aln,0.0037315533446370375
cbdB.aln,0.024568893747947126
galR_1.aln,0.008229729705750451
rbsR_4.aln,0.003904320967779787
group_4105.aln,0.01043763088091832
narV.aln,0.014120108250730542
clcB_3~~~clcB_2~~~clcB_1.aln,0.061447575609052216
group_874.aln,0.011925730107919733
pfkA.aln,0.003768751389261646
group_3019.aln,0.0
nsrR.aln,0.012743284953476552
rppH_1.aln,0.0022042650129831323
pepP.aln,0.003647188481960862
fadE.aln,0.005095797181250069
group_4460.aln,0.013542914744687232
cspD.aln,0.004339070566644257
hadI.aln,0.010380225871990764
csrA.aln,0.0
slt_1~~~slt_2~~~slt.aln,0.05114001570447485
clpS.aln,0.002328045491958213
livK_2~~~livK_1~~~livK.aln,0.06078652249899413
group_4490.aln,0.18665065847625173
dcyD.aln,0.0042417776455660455
gpt.aln,0.001102257697688732
pstA.aln,0.004997492627321893
fsr_1~~~fsr_2~~~fsr.aln,0.096202809152382
atpB.aln,0.012601003408217081
cobC_1.aln,0.0011817535923315885
yqjH.aln,0.046940103590094324
prlC.aln,0.006859728851426926
astB_1.aln,0.006544145425559608
glgC_1~~~glgC_2.aln,0.04831312730705172
folB.aln,0.004565108198868864
nqrA.aln,0.003266971395745039
mhpT_2~~~mhpT_1~~~mhpT.aln,0.09336999208617494
rafA.aln,0.008575683997708416
hdeB_2.aln,0.0025915179156988355
accD.aln,0.006492505305256777
group_953.aln,0.007303914626545255
norW_3~~~norW_2.aln,0.05314225363079643
nlpE.aln,0.04457777260648794
hutI.aln,0.013074476070321889
metQ_3.aln,0.018388623675975328
rseA.aln,0.003935177456628924
dgoT_3.aln,0.014774090340559326
lsrK.aln,0.019172871157987527
group_3987.aln,0.025663326434032685
smvA.aln,0.005106043988369537
mrcB_1~~~mrcB_2~~~mrcB.aln,0.047972299233119894
gor.aln,0.004317325361192251
yfeO_2~~~yfeO_1~~~yfeO.aln,0.050300527710869514
argD.aln,0.0064347745417586595
uup_2.aln,0.006245124034445266
cmoB.aln,0.007335678676254848
rapA.aln,0.005324301549282636
amnD.aln,0.006754768290958481
pduJ.aln,0.0006936379781076716
glnQ_5.aln,0.007084771372457747
holB.aln,0.0033309520291136528
satP.aln,0.005936233239941126
yejK.aln,0.0028075191129137444
dadA_1.aln,0.007456722650491053
pldA.aln,0.0017626167267986799
hpcH.aln,0.02980405015671413
ynfD.aln,0.004869892443396787
rhtB_1.aln,0.00824579803167457
panM.aln,0.01632801680510796
ynfE_1~~~ynfE_2~~~ynfE.aln,0.17978830626581968
nudE.aln,0.005255956321685287
group_532.aln,0.0060181827094624545
arcA.aln,0.0031598692572486617
yajR.aln,0.003344466559100402
betT.aln,0.006478611314597366
yfcE.aln,0.0037294298212312256
rsd.aln,0.003079404008128161
group_4135.aln,0.0693719464277755
priB.aln,0.0065742582978689
narX_2~~~narX_1~~~narX.aln,0.0960761601955057
fadD.aln,0.005683917079075676
rep.aln,0.0069688964968401814
viaA.aln,0.004632948203911954
gcvT.aln,0.009078936657176705
group_4159.aln,0.023679016558081155
sspA.aln,0.001844954106880244
tdk.aln,0.0029404673670877838
galF.aln,0.016625274965458577
dhaT.aln,0.06893976113547474
pepD.aln,0.006029128126071403
glpE_1.aln,0.009786965903285485
ybaY.aln,0.0026571975487502866
group_4239.aln,0.08863304998084255
group_3154.aln,0.003074947672921801
guaC.aln,0.004319819163359591
cbiT.aln,0.004217753340172086
yohD.aln,0.00618145620890177
group_4207.aln,0.05979405836844205
sbcD_2~~~sbcD_1~~~sbcD.aln,0.048428611628605185
ilvG.aln,0.004617607113538973
mliC.aln,0.0022998840284792505
group_3924.aln,0.011275636568927118
pflB.aln,0.0031339152919453595
hscB.aln,0.0020442067203955863
rstA_1~~~rstA_2~~~rstA.aln,0.052025245939119585
osmB.aln,0.006319663563027654
btuB.aln,0.03222496372420093
yfiZ.aln,0.01975102703973981
malK_2.aln,0.011883891787762132
apaH.aln,0.004323890405079447
fruB_3~~~fruB_2~~~fruB_1.aln,0.09622685054174186
pqqB.aln,0.017852814292165942
ybfE.aln,0.001302340693589914
lipB.aln,0.00974676886241322
zapA.aln,0.0015331402522397817
atpE.aln,0.0
ettA_2~~~ybhF_3~~~ybhF_2~~~ybhF_1.aln,0.1688060759151218
nadC.aln,0.004053779895010355
arnE.aln,0.001129463610370014
group_133.aln,0.005884423250236405
phoE.aln,0.004426639257537215
group_1901.aln,0.007534021838153447
group_4376.aln,0.0351760607384194
ppsA.aln,0.007020761710874101
nikD.aln,0.009938647469331324
ttcA.aln,0.006581738741124633
garK_3.aln,0.010914387801197118
amtB.aln,0.005201231473730206
group_816.aln,0.005622083386533971
tyrP_2~~~tyrP_1~~~tyrP.aln,0.0902359073327481
zraP.aln,0.004764783951860255
group_2644.aln,0.004495588861568721
panB.aln,0.003027393810355249
rplI.aln,0.0032376503395896697
rplP.aln,0.0
znuC.aln,0.00395325325943417
xylE.aln,0.006089469939213883
ybeM.aln,0.008424220526475013
yncE_2.aln,0.008871807235461925
group_2217.aln,0.008222561290365865
bcsB_2.aln,0.008763565737503774
nlpD_1.aln,0.003492420899693439
aaeA_1.aln,0.005306407758651751
ogl_2~~~ogl_1~~~ogl.aln,0.04590847269037689
nikR.aln,0.008964213643501405
group_1739.aln,0.0026692686686618046
tdcD_1~~~tdcD_2~~~tdcD.aln,0.053669587887590964
group_3155.aln,0.006523088382758489
group_624.aln,0.006632574167129512
sbp.aln,0.007220640347680575
iolG_3.aln,0.01399778127796607
iolU_1.aln,0.014781463662071217
ubiT.aln,0.0003646553942051759
group_4243.aln,0.059415257242570935
ulaB_2.aln,0.011405845282722387
outN.aln,0.00854168181066642
group_2710.aln,0.006892169035589777
dgoD_2~~~dgoD.aln,0.11584497346242971
rcsA.aln,0.0019051993396467942
group_4791.aln,0.35201706949257305
astD_1.aln,0.009555536133869807
narL.aln,0.007669555139284148
pckA_2.aln,0.0031639661813130764
cyoC.aln,0.00388511237888758
group_1316.aln,0.012615286423316711
hmuU_1.aln,0.010119488918343146
ydcJ.aln,0.005150891356595269
parC_1~~~parC_2~~~parC.aln,0.04831560289545754
puuB_2.aln,0.005620264429563212
hutU_2~~~hutU_1~~~hutU.aln,0.052278412275595355
niaP.aln,0.010377700636343237
group_1430.aln,0.01914776546535491
cfa.aln,0.008638021284720292
iolE_3.aln,0.007579992000069085
pulA_1~~~pulA_2~~~pulA.aln,0.13073351766550378
pepT.aln,0.00531212820740922
lpfB.aln,0.013424811201228232
group_1638.aln,0.00383256386491519
astC_2.aln,0.007254775898001367
cysI.aln,0.006957348590352568
dcuB.aln,0.0054457164301526945
pcaR_2.aln,0.004882498752069108
ydgI_2~~~ydgI_1~~~ydgI.aln,0.051067296164812356
alaE.aln,0.005547079070943868
rseP.aln,0.004300487155297261
lptF.aln,0.0058216917014223
group_1315.aln,0.006604861611850893
lysN_2~~~lysN_3.aln,0.11860963864304386
blc_1.aln,0.016964653401143705
